Day,Revenue,Revenue_Lag1,Revenue_Lag7,Revenue_Lag30,Revenue_Diff1,Revenue_Diff7,Date,Revenue_Diff
1,0.0,,,,,,2023-01-01,
2,0.000793191,0.0,,,0.000793191,,2023-01-02,0.000793191
3,0.825541786,0.000793191,,,0.8247485950000001,,2023-01-03,0.8247485950000001
4,0.32033228,0.825541786,,,-0.505209506,,2023-01-04,-0.505209506
5,1.082554085,0.32033228,,,0.7622218049999999,,2023-01-05,0.7622218049999999
6,0.107653784,1.082554085,,,-0.9749003009999999,,2023-01-06,-0.9749003009999999
7,0.493901361,0.107653784,,,0.386247577,,2023-01-07,0.386247577
8,0.376698452,0.493901361,0.0,,-0.11720290899999997,0.376698452,2023-01-08,-0.11720290899999997
9,0.304074848,0.376698452,0.000793191,,-0.07262360400000001,0.303281657,2023-01-09,-0.07262360400000001
10,0.591747849,0.304074848,0.825541786,,0.287673001,-0.23379393700000006,2023-01-10,0.287673001
11,0.731018901,0.591747849,0.32033228,,0.139271052,0.410686621,2023-01-11,0.139271052
12,1.111586215,0.731018901,1.082554085,,0.380567314,0.029032130000000045,2023-01-12,0.380567314
13,0.960902689,1.111586215,0.107653784,,-0.150683526,0.853248905,2023-01-13,-0.150683526
14,0.964013419,0.960902689,0.493901361,,0.0031107300000000615,0.47011205800000005,2023-01-14,0.0031107300000000615
15,0.979731886,0.964013419,0.376698452,,0.015718467000000014,0.6030334340000001,2023-01-15,0.015718467000000014
16,1.085546892,0.979731886,0.304074848,,0.10581500599999993,0.781472044,2023-01-16,0.10581500599999993
17,1.262549787,1.085546892,0.591747849,,0.177002895,0.670801938,2023-01-17,0.177002895
18,1.331183307,1.262549787,0.731018901,,0.06863352000000011,0.6001644060000001,2023-01-18,0.06863352000000011
19,1.411429732,1.331183307,1.111586215,,0.0802464249999999,0.299843517,2023-01-19,0.0802464249999999
20,1.709116779,1.411429732,0.960902689,,0.2976870469999999,0.7482140899999999,2023-01-20,0.2976870469999999
21,1.735783527,1.709116779,0.964013419,,0.026666748000000018,0.7717701079999999,2023-01-21,0.026666748000000018
22,1.760959886,1.735783527,0.979731886,,0.025176359000000037,0.7812279999999999,2023-01-22,0.025176359000000037
23,2.558601513,1.760959886,1.085546892,,0.7976416270000002,1.4730546210000002,2023-01-23,0.7976416270000002
24,1.48420495,2.558601513,1.262549787,,-1.074396563,0.2216551630000001,2023-01-24,-1.074396563
25,2.089944633,1.48420495,1.331183307,,0.6057396829999999,0.7587613259999999,2023-01-25,0.6057396829999999
26,2.840568572,2.089944633,1.411429732,,0.750623939,1.42913884,2023-01-26,0.750623939
27,2.162204307,2.840568572,1.709116779,,-0.6783642649999999,0.4530875280000002,2023-01-27,-0.6783642649999999
28,3.113269737,2.162204307,1.735783527,,0.9510654299999999,1.37748621,2023-01-28,0.9510654299999999
29,2.746580938,3.113269737,1.760959886,,-0.36668879899999984,0.9856210520000002,2023-01-29,-0.36668879899999984
30,3.079242819,2.746580938,2.558601513,,0.33266188099999994,0.5206413059999999,2023-01-30,0.33266188099999994
31,2.647838543,3.079242819,1.48420495,0.0,-0.43140427599999986,1.1636335930000001,2023-01-31,-0.43140427599999986
32,3.118230798,2.647838543,2.089944633,0.000793191,0.4703922549999997,1.028286165,2023-02-01,0.4703922549999997
33,2.442888497,3.118230798,2.840568572,0.825541786,-0.6753423009999997,-0.3976800749999998,2023-02-02,-0.6753423009999997
34,3.042407809,2.442888497,2.162204307,0.32033228,0.599519312,0.8802035020000001,2023-02-03,0.599519312
35,3.012894439,3.042407809,3.113269737,1.082554085,-0.029513370000000094,-0.10037529799999989,2023-02-04,-0.029513370000000094
36,3.290825745,3.012894439,2.746580938,0.107653784,0.2779313059999997,0.5442448069999997,2023-02-05,0.2779313059999997
37,3.274029416,3.290825745,3.079242819,0.493901361,-0.016796328999999943,0.19478659699999978,2023-02-06,-0.016796328999999943
38,3.586805202,3.274029416,2.647838543,0.376698452,0.312775786,0.9389666589999996,2023-02-07,0.312775786
39,3.170426377,3.586805202,3.118230798,0.304074848,-0.4163788249999998,0.05219557900000016,2023-02-08,-0.4163788249999998
40,3.572077947,3.170426377,2.442888497,0.591747849,0.40165156999999985,1.1291894499999997,2023-02-09,0.40165156999999985
41,2.693130469,3.572077947,3.042407809,0.731018901,-0.8789474779999997,-0.34927734,2023-02-10,-0.8789474779999997
42,2.399656142,2.693130469,3.012894439,1.111586215,-0.2934743270000002,-0.6132382970000001,2023-02-11,-0.2934743270000002
43,2.433776379,2.399656142,3.290825745,0.960902689,0.03412023700000022,-0.8570493659999996,2023-02-12,0.03412023700000022
44,2.593848576,2.433776379,3.274029416,0.964013419,0.16007219699999986,-0.6801808399999998,2023-02-13,0.16007219699999986
45,3.323496491,2.593848576,3.586805202,0.979731886,0.7296479150000001,-0.26330871099999964,2023-02-14,0.7296479150000001
46,2.951387252,3.323496491,3.170426377,1.085546892,-0.37210923900000026,-0.2190391250000001,2023-02-15,-0.37210923900000026
47,3.216948781,2.951387252,3.572077947,1.262549787,0.2655615290000002,-0.3551291659999998,2023-02-16,0.2655615290000002
48,2.877026963,3.216948781,2.693130469,1.331183307,-0.3399218180000001,0.18389649399999985,2023-02-17,-0.3399218180000001
49,3.057523831,2.877026963,2.399656142,1.411429732,0.1804968680000001,0.6578676890000001,2023-02-18,0.1804968680000001
50,2.858495329,3.057523831,2.433776379,1.709116779,-0.199028502,0.42471894999999993,2023-02-19,-0.199028502
51,2.533082553,2.858495329,2.593848576,1.735783527,-0.3254127760000003,-0.060766023000000224,2023-02-20,-0.3254127760000003
52,3.223959721,2.533082553,3.323496491,1.760959886,0.6908771680000001,-0.09953677000000027,2023-02-21,0.6908771680000001
53,2.973617615,3.223959721,2.951387252,2.558601513,-0.25034210599999973,0.022230363000000253,2023-02-22,-0.25034210599999973
54,3.360834071,2.973617615,3.216948781,1.48420495,0.387216456,0.14388529000000005,2023-02-23,0.387216456
55,2.31040157,3.360834071,2.877026963,2.089944633,-1.0504325010000004,-0.5666253930000003,2023-02-24,-1.0504325010000004
56,1.843596513,2.31040157,3.057523831,2.840568572,-0.46680505699999975,-1.213927318,2023-02-25,-0.46680505699999975
57,1.631977575,1.843596513,2.858495329,2.162204307,-0.21161893799999998,-1.226517754,2023-02-26,-0.21161893799999998
58,1.644604449,1.631977575,2.533082553,3.113269737,0.012626873999999955,-0.8884781039999998,2023-02-27,0.012626873999999955
59,1.497246827,1.644604449,3.223959721,2.746580938,-0.14735762200000013,-1.726712894,2023-02-28,-0.14735762200000013
60,1.267859555,1.497246827,2.973617615,3.079242819,-0.22938727199999986,-1.7057580600000002,2023-03-01,-0.22938727199999986
61,1.587253694,1.267859555,3.360834071,2.647838543,0.3193941389999999,-1.7735803770000003,2023-03-02,0.3193941389999999
62,2.131085418,1.587253694,2.31040157,3.118230798,0.5438317240000001,-0.17931615199999973,2023-03-03,0.5438317240000001
63,1.995083459,2.131085418,1.843596513,2.442888497,-0.13600195900000012,0.1514869459999999,2023-03-04,-0.13600195900000012
64,2.330776602,1.995083459,1.631977575,3.042407809,0.33569314299999986,0.6987990269999997,2023-03-05,0.33569314299999986
65,1.742724907,2.330776602,1.644604449,3.012894439,-0.5880516949999999,0.09812045799999991,2023-03-06,-0.5880516949999999
66,2.588660848,1.742724907,1.497246827,3.290825745,0.845935941,1.091414021,2023-03-07,0.845935941
67,1.505169543,2.588660848,1.267859555,3.274029416,-1.083491305,0.23730998800000003,2023-03-08,-1.083491305
68,2.226315816,1.505169543,1.587253694,3.586805202,0.721146273,0.6390621220000001,2023-03-09,0.721146273
69,2.973069578,2.226315816,2.131085418,3.170426377,0.746753762,0.84198416,2023-03-10,0.746753762
70,2.72388059,2.973069578,1.995083459,3.572077947,-0.24918898800000022,0.7287971309999999,2023-03-11,-0.24918898800000022
71,2.964093274,2.72388059,2.330776602,2.693130469,0.2402126840000003,0.6333166720000003,2023-03-12,0.2402126840000003
72,3.88820192,2.964093274,1.742724907,2.399656142,0.9241086460000001,2.1454770130000003,2023-03-13,0.9241086460000001
73,3.938590458,3.88820192,2.588660848,2.433776379,0.05038853799999998,1.3499296100000002,2023-03-14,0.05038853799999998
74,5.138308366,3.938590458,1.505169543,2.593848576,1.1997179080000002,3.6331388230000004,2023-03-15,1.1997179080000002
75,5.482323172,5.138308366,2.226315816,3.323496491,0.3440148059999997,3.256007356,2023-03-16,0.3440148059999997
76,6.133334991,5.482323172,2.973069578,2.951387252,0.6510118189999998,3.160265413,2023-03-17,0.6510118189999998
77,6.366939393,6.133334991,2.72388059,3.216948781,0.2336044020000001,3.643058803,2023-03-18,0.2336044020000001
78,6.434758029,6.366939393,2.964093274,2.877026963,0.06781863600000015,3.470664755,2023-03-19,0.06781863600000015
79,6.102308899,6.434758029,3.88820192,3.057523831,-0.33244913000000054,2.2141069789999994,2023-03-20,-0.33244913000000054
80,6.236527145,6.102308899,3.938590458,2.858495329,0.13421824600000054,2.297936687,2023-03-21,0.13421824600000054
81,6.815921859,6.236527145,5.138308366,2.533082553,0.5793947140000002,1.677613493,2023-03-22,0.5793947140000002
82,7.07286465,6.815921859,5.482323172,3.223959721,0.2569427909999993,1.5905414779999996,2023-03-23,0.2569427909999993
83,6.274130876,7.07286465,6.133334991,2.973617615,-0.7987337739999996,0.14079588500000018,2023-03-24,-0.7987337739999996
84,7.375977982,6.274130876,6.366939393,3.360834071,1.1018471060000001,1.0090385890000002,2023-03-25,1.1018471060000001
85,6.916245052,7.375977982,6.434758029,2.31040157,-0.4597329300000004,0.4814870229999997,2023-03-26,-0.4597329300000004
86,7.408050282,6.916245052,6.102308899,1.843596513,0.49180522999999976,1.305741383,2023-03-27,0.49180522999999976
87,7.863842943,7.408050282,6.236527145,1.631977575,0.45579266100000027,1.6273157979999997,2023-03-28,0.45579266100000027
88,6.783895049,7.863842943,6.815921859,1.644604449,-1.079947894,-0.032026810000000516,2023-03-29,-1.079947894
89,7.583081086,6.783895049,7.07286465,1.497246827,0.7991860370000001,0.5102164360000003,2023-03-30,0.7991860370000001
90,7.763779393,7.583081086,6.274130876,1.267859555,0.1806983070000001,1.489648517,2023-03-31,0.1806983070000001
91,7.344577122,7.763779393,7.375977982,1.587253694,-0.4192022710000005,-0.03140086000000064,2023-04-01,-0.4192022710000005
92,7.982311471,7.344577122,6.916245052,2.131085418,0.6377343490000005,1.0660664190000002,2023-04-02,0.6377343490000005
93,6.946042709,7.982311471,7.408050282,1.995083459,-1.0362687619999997,-0.4620075729999993,2023-04-03,-1.0362687619999997
94,7.495289393,6.946042709,7.863842943,2.330776602,0.5492466839999999,-0.3685535499999997,2023-04-04,0.5492466839999999
95,7.450862838,7.495289393,6.783895049,1.742724907,-0.044426555000000256,0.6669677890000001,2023-04-05,-0.044426555000000256
96,6.82734429,7.450862838,7.583081086,2.588660848,-0.6235185479999998,-0.7557367959999999,2023-04-06,-0.6235185479999998
97,7.095401048,6.82734429,7.763779393,1.505169543,0.2680567580000002,-0.6683783449999998,2023-04-07,0.2680567580000002
98,6.322858273,7.095401048,7.344577122,2.226315816,-0.7725427750000007,-1.021718849,2023-04-08,-0.7725427750000007
99,6.453783819,6.322858273,7.982311471,2.973069578,0.13092554600000028,-1.5285276520000002,2023-04-09,0.13092554600000028
100,6.90142039,6.453783819,6.946042709,2.72388059,0.4476365710000003,-0.04462231900000013,2023-04-10,0.4476365710000003
101,6.364222316,6.90142039,7.495289393,2.964093274,-0.537198074,-1.131067077,2023-04-11,-0.537198074
102,6.487956156,6.364222316,7.450862838,3.88820192,0.12373383999999987,-0.9629066819999998,2023-04-12,0.12373383999999987
103,6.055526889,6.487956156,6.82734429,3.938590458,-0.43242926699999984,-0.7718174009999998,2023-04-13,-0.43242926699999984
104,6.416777674,6.055526889,7.095401048,5.138308366,0.3612507850000002,-0.6786233739999998,2023-04-14,0.3612507850000002
105,6.695885552,6.416777674,6.322858273,5.482323172,0.2791078779999996,0.37302727900000043,2023-04-15,0.2791078779999996
106,6.381637205,6.695885552,6.453783819,6.133334991,-0.31424834700000037,-0.07214661400000022,2023-04-16,-0.31424834700000037
107,6.151061938,6.381637205,6.90142039,6.366939393,-0.23057526699999986,-0.7503584520000004,2023-04-17,-0.23057526699999986
108,6.604086168,6.151061938,6.364222316,6.434758029,0.45302423000000047,0.23986385200000004,2023-04-18,0.45302423000000047
109,7.181114215,6.604086168,6.487956156,6.102308899,0.5770280469999998,0.6931580589999999,2023-04-19,0.5770280469999998
110,7.946744172,7.181114215,6.055526889,6.236527145,0.7656299569999998,1.8912172829999996,2023-04-20,0.7656299569999998
111,8.034009599,7.946744172,6.416777674,6.815921859,0.08726542699999928,1.6172319249999987,2023-04-21,0.08726542699999928
112,8.034351705,8.034009599,6.695885552,7.07286465,0.0003421060000015075,1.3384661530000006,2023-04-22,0.0003421060000015075
113,7.944531429,8.034351705,6.381637205,6.274130876,-0.0898202760000002,1.5628942240000008,2023-04-23,-0.0898202760000002
114,7.573324241,7.944531429,6.151061938,7.375977982,-0.3712071880000005,1.4222623030000001,2023-04-24,-0.3712071880000005
115,7.164514393,7.573324241,6.604086168,6.916245052,-0.40880984799999975,0.5604282249999999,2023-04-25,-0.40880984799999975
116,6.309727531,7.164514393,7.181114215,7.408050282,-0.8547868620000001,-0.871386684,2023-04-26,-0.8547868620000001
117,7.418626769,6.309727531,7.946744172,7.863842943,1.1088992380000002,-0.5281174029999995,2023-04-27,1.1088992380000002
118,7.00182315,7.418626769,8.034009599,6.783895049,-0.4168036190000004,-1.0321864489999992,2023-04-28,-0.4168036190000004
119,8.029547488,7.00182315,8.034351705,7.583081086,1.0277243380000005,-0.0048042170000002216,2023-04-29,1.0277243380000005
120,7.330337859,8.029547488,7.944531429,7.763779393,-0.6992096290000003,-0.6141935700000003,2023-04-30,-0.6992096290000003
121,7.606007772,7.330337859,7.573324241,7.344577122,0.27566991299999977,0.03268353099999999,2023-05-01,0.27566991299999977
122,7.110366293,7.606007772,7.164514393,7.982311471,-0.49564147899999966,-0.05414809999999992,2023-05-02,-0.49564147899999966
123,7.131337879,7.110366293,6.309727531,6.946042709,0.02097158599999993,0.8216103480000001,2023-05-03,0.02097158599999993
124,6.76488602,7.131337879,7.418626769,7.495289393,-0.36645185900000055,-0.6537407490000007,2023-05-04,-0.36645185900000055
125,7.260526894,6.76488602,7.00182315,7.450862838,0.49564087400000023,0.25870374399999996,2023-05-05,0.49564087400000023
126,7.544141343,7.260526894,8.029547488,6.82734429,0.2836144489999999,-0.4854061450000007,2023-05-06,0.2836144489999999
127,7.33093608,7.544141343,7.330337859,7.095401048,-0.21320526299999987,0.0005982209999997323,2023-05-07,-0.21320526299999987
128,7.568258573,7.33093608,7.606007772,6.322858273,0.23732249299999975,-0.03774919900000029,2023-05-08,0.23732249299999975
129,7.486801358,7.568258573,7.110366293,6.453783819,-0.08145721499999947,0.3764350649999999,2023-05-09,-0.08145721499999947
130,8.117012517,7.486801358,7.131337879,6.90142039,0.630211158999999,0.985674637999999,2023-05-10,0.630211158999999
131,7.415766826,8.117012517,6.76488602,6.364222316,-0.7012456909999996,0.650880806,2023-05-11,-0.7012456909999996
132,7.780389211,7.415766826,7.260526894,6.487956156,0.36462238500000055,0.5198623170000003,2023-05-12,0.36462238500000055
133,7.830950713,7.780389211,7.544141343,6.055526889,0.05056150199999987,0.2868093700000003,2023-05-13,0.05056150199999987
134,7.92206928,7.830950713,7.33093608,6.416777674,0.09111856699999965,0.5911331999999998,2023-05-14,0.09111856699999965
135,7.76971031,7.92206928,7.568258573,6.695885552,-0.15235896999999987,0.2014517370000002,2023-05-15,-0.15235896999999987
136,8.176501818,7.76971031,7.486801358,6.381637205,0.4067915080000004,0.6897004600000001,2023-05-16,0.4067915080000004
137,7.753128355,8.176501818,8.117012517,6.151061938,-0.4233734629999999,-0.36388416199999885,2023-05-17,-0.4233734629999999
138,7.44780328,7.753128355,7.415766826,6.604086168,-0.3053250750000007,0.03203645399999999,2023-05-18,-0.3053250750000007
139,6.606752799,7.44780328,7.780389211,7.181114215,-0.8410504809999999,-1.1736364120000005,2023-05-19,-0.8410504809999999
140,7.60677813,6.606752799,7.830950713,7.946744172,1.0000253310000007,-0.22417258299999965,2023-05-20,1.0000253310000007
141,7.157498503,7.60677813,7.92206928,8.034009599,-0.4492796270000001,-0.7645707769999994,2023-05-21,-0.4492796270000001
142,7.218478047,7.157498503,7.76971031,8.034351705,0.060979543999999386,-0.5512322630000002,2023-05-22,0.060979543999999386
143,7.485049457,7.218478047,8.176501818,7.944531429,0.26657141000000006,-0.6914523610000005,2023-05-23,0.26657141000000006
144,7.152312945,7.485049457,7.753128355,7.573324241,-0.33273651199999943,-0.60081541,2023-05-24,-0.33273651199999943
145,7.506441261,7.152312945,7.44780328,7.164514393,0.3541283159999997,0.058637981000000394,2023-05-25,0.3541283159999997
146,7.029261517,7.506441261,6.606752799,6.309727531,-0.47717974399999985,0.42250871800000045,2023-05-26,-0.47717974399999985
147,7.06516091,7.029261517,7.60677813,7.418626769,0.035899393000000224,-0.54161722,2023-05-27,0.035899393000000224
148,6.585496947,7.06516091,7.157498503,7.00182315,-0.47966396300000014,-0.572001556,2023-05-28,-0.47966396300000014
149,6.108246159,6.585496947,7.218478047,8.029547488,-0.4772507880000001,-1.1102318879999995,2023-05-29,-0.4772507880000001
150,5.913673164,6.108246159,7.485049457,7.330337859,-0.1945729949999997,-1.5713762929999993,2023-05-30,-0.1945729949999997
151,6.844251596,5.913673164,7.152312945,7.606007772,0.9305784319999999,-0.30806134899999993,2023-05-31,0.9305784319999999
152,5.936896508,6.844251596,7.506441261,7.110366293,-0.9073550880000001,-1.5695447529999997,2023-06-01,-0.9073550880000001
153,7.146617054,5.936896508,7.029261517,7.131337879,1.2097205459999998,0.1173555369999999,2023-06-02,1.2097205459999998
154,5.698388374,7.146617054,7.06516091,6.76488602,-1.4482286799999997,-1.366772536,2023-06-03,-1.4482286799999997
155,6.41938589,5.698388374,6.585496947,7.260526894,0.7209975159999997,-0.16611105700000017,2023-06-04,0.7209975159999997
156,5.351951701,6.41938589,6.108246159,7.544141343,-1.067434189,-0.7562944580000002,2023-06-05,-1.067434189
157,6.013657257,5.351951701,5.913673164,7.33093608,0.6617055560000003,0.09998409299999977,2023-06-06,0.6617055560000003
158,5.676967765,6.013657257,6.844251596,7.568258573,-0.33668949200000053,-1.1672838310000007,2023-06-07,-0.33668949200000053
159,5.362054145,5.676967765,5.936896508,7.486801358,-0.31491361999999956,-0.5748423630000001,2023-06-08,-0.31491361999999956
160,5.136908683,5.362054145,7.146617054,8.117012517,-0.2251454620000004,-2.0097083710000003,2023-06-09,-0.2251454620000004
161,6.13872931,5.136908683,5.698388374,7.415766826,1.0018206270000007,0.4403409360000001,2023-06-10,1.0018206270000007
162,5.468684959,6.13872931,6.41938589,7.780389211,-0.6700443510000005,-0.9507009310000001,2023-06-11,-0.6700443510000005
163,5.457250359,5.468684959,5.351951701,7.830950713,-0.011434600000000295,0.10529865799999971,2023-06-12,-0.011434600000000295
164,6.305916197,5.457250359,6.013657257,7.92206928,0.8486658380000005,0.29225893999999997,2023-06-13,0.8486658380000005
165,6.15007653,6.305916197,5.676967765,7.76971031,-0.1558396670000004,0.4731087650000001,2023-06-14,-0.1558396670000004
166,6.565829307,6.15007653,5.362054145,8.176501818,0.4157527769999998,1.2037751619999995,2023-06-15,0.4157527769999998
167,6.966321242,6.565829307,5.136908683,7.753128355,0.4004919350000007,1.8294125590000005,2023-06-16,0.4004919350000007
168,6.31170634,6.966321242,6.13872931,7.44780328,-0.6546149020000005,0.1729770299999993,2023-06-17,-0.6546149020000005
169,5.943952602,6.31170634,5.468684959,6.606752799,-0.36775373799999933,0.47526764300000046,2023-06-18,-0.36775373799999933
170,5.841843614,5.943952602,5.457250359,7.60677813,-0.10210898800000034,0.3845932550000004,2023-06-19,-0.10210898800000034
171,6.681780332,5.841843614,6.305916197,7.157498503,0.8399367179999997,0.3758641349999996,2023-06-20,0.8399367179999997
172,5.664625151,6.681780332,6.15007653,7.218478047,-1.0171551809999997,-0.4854513789999997,2023-06-21,-1.0171551809999997
173,5.481281548,5.664625151,6.565829307,7.485049457,-0.18334360299999997,-1.0845477589999994,2023-06-22,-0.18334360299999997
174,5.671976498,5.481281548,6.966321242,7.152312945,0.19069495000000014,-1.294344744,2023-06-23,0.19069495000000014
175,5.188018593,5.671976498,6.31170634,7.506441261,-0.48395790500000047,-1.123687747,2023-06-24,-0.48395790500000047
176,5.609863758,5.188018593,5.943952602,7.029261517,0.4218451650000006,-0.33408884400000005,2023-06-25,0.4218451650000006
177,4.907574806,5.609863758,5.841843614,7.06516091,-0.702288952,-0.9342688079999997,2023-06-26,-0.702288952
178,5.437139336,4.907574806,6.681780332,6.585496947,0.52956453,-1.2446409959999993,2023-06-27,0.52956453
179,5.298284266,5.437139336,5.664625151,6.108246159,-0.13885507000000086,-0.3663408850000005,2023-06-28,-0.13885507000000086
180,5.412603871,5.298284266,5.481281548,5.913673164,0.11431960500000038,-0.06867767700000016,2023-06-29,0.11431960500000038
181,5.674703941,5.412603871,5.671976498,6.844251596,0.2621000699999998,0.0027274429999994965,2023-06-30,0.2621000699999998
182,6.233395622,5.674703941,5.188018593,5.936896508,0.558691681,1.045377029,2023-07-01,0.558691681
183,5.964008868,6.233395622,5.609863758,7.146617054,-0.2693867540000001,0.35414510999999926,2023-07-02,-0.2693867540000001
184,6.223849962,5.964008868,4.907574806,5.698388374,0.25984109400000044,1.3162751559999997,2023-07-03,0.25984109400000044
185,6.179556586,6.223849962,5.437139336,6.41938589,-0.04429337599999972,0.7424172499999999,2023-07-04,-0.04429337599999972
186,5.921670524,6.179556586,5.298284266,5.351951701,-0.25788606200000075,0.623386258,2023-07-05,-0.25788606200000075
187,6.277405791,5.921670524,5.412603871,6.013657257,0.355735267,0.8648019199999997,2023-07-06,0.355735267
188,5.871568903,6.277405791,5.674703941,5.676967765,-0.4058368879999996,0.19686496200000025,2023-07-07,-0.4058368879999996
189,5.816199182,5.871568903,6.233395622,5.362054145,-0.05536972099999993,-0.41719643999999967,2023-07-08,-0.05536972099999993
190,6.43853443,5.816199182,5.964008868,5.136908683,0.6223352479999997,0.4745255620000002,2023-07-09,0.6223352479999997
191,5.90074056,6.43853443,6.223849962,6.13872931,-0.5377938699999998,-0.32310940200000005,2023-07-10,-0.5377938699999998
192,6.213554554,5.90074056,6.179556586,5.468684959,0.3128139939999999,0.033997967999999545,2023-07-11,0.3128139939999999
193,5.561818866,6.213554554,5.921670524,5.457250359,-0.6517356879999996,-0.3598516579999993,2023-07-12,-0.6517356879999996
194,6.015062568,5.561818866,6.277405791,6.305916197,0.45324370199999997,-0.26234322299999935,2023-07-13,0.45324370199999997
195,6.245567733,6.015062568,5.871568903,6.15007653,0.2305051649999994,0.37399882999999967,2023-07-14,0.2305051649999994
196,5.617964732,6.245567733,5.816199182,6.565829307,-0.6276030009999998,-0.19823445000000017,2023-07-15,-0.6276030009999998
197,6.047722333,5.617964732,6.43853443,6.966321242,0.4297576010000004,-0.3908120969999995,2023-07-16,0.4297576010000004
198,5.328600654,6.047722333,5.90074056,6.31170634,-0.7191216790000006,-0.5721399060000003,2023-07-17,-0.7191216790000006
199,5.984050593,5.328600654,6.213554554,5.943952602,0.6554499390000004,-0.2295039609999998,2023-07-18,0.6554499390000004
200,5.718670217,5.984050593,5.561818866,5.841843614,-0.2653803760000004,0.15685135099999936,2023-07-19,-0.2653803760000004
201,6.168549778,5.718670217,6.015062568,6.681780332,0.44987956100000037,0.15348720999999976,2023-07-20,0.44987956100000037
202,6.419179952,6.168549778,6.245567733,5.664625151,0.2506301740000003,0.17361221900000068,2023-07-21,0.2506301740000003
203,6.770455873,6.419179952,5.617964732,5.481281548,0.35127592100000005,1.1524911410000005,2023-07-22,0.35127592100000005
204,6.460004712,6.770455873,6.047722333,5.671976498,-0.3104511610000005,0.41228237899999964,2023-07-23,-0.3104511610000005
205,5.973167431,6.460004712,5.328600654,5.188018593,-0.4868372809999997,0.6445667770000005,2023-07-24,-0.4868372809999997
206,5.589806569,5.973167431,5.984050593,5.609863758,-0.38336086199999997,-0.3942440239999998,2023-07-25,-0.38336086199999997
207,5.966559897,5.589806569,5.718670217,4.907574806,0.3767533279999995,0.2478896800000001,2023-07-26,0.3767533279999995
208,6.50841071,5.966559897,6.168549778,5.437139336,0.5418508129999999,0.33986093199999967,2023-07-27,0.5418508129999999
209,5.914158993,6.50841071,6.419179952,5.298284266,-0.5942517169999997,-0.5050209590000003,2023-07-28,-0.5942517169999997
210,6.137185499,5.914158993,6.770455873,5.412603871,0.22302650600000007,-0.6332703740000003,2023-07-29,0.22302650600000007
211,6.701932741,6.137185499,6.460004712,5.674703941,0.5647472420000001,0.24192802900000032,2023-07-30,0.5647472420000001
212,6.481133865,6.701932741,5.973167431,6.233395622,-0.22079887599999992,0.5079664340000001,2023-07-31,-0.22079887599999992
213,6.502357716,6.481133865,5.589806569,5.964008868,0.02122385099999935,0.9125511469999994,2023-08-01,0.02122385099999935
214,7.223705866,6.502357716,5.966559897,6.223849962,0.7213481500000007,1.2571459690000006,2023-08-02,0.7213481500000007
215,6.832373048,7.223705866,6.50841071,6.179556586,-0.3913328180000004,0.3239623380000003,2023-08-03,-0.3913328180000004
216,6.946346894,6.832373048,5.914158993,5.921670524,0.11397384600000038,1.0321879010000004,2023-08-04,0.11397384600000038
217,6.239278536,6.946346894,6.137185499,6.277405791,-0.7070683580000008,0.1020930369999995,2023-08-05,-0.7070683580000008
218,7.064640345,6.239278536,6.701932741,5.871568903,0.8253618090000003,0.3627076039999997,2023-08-06,0.8253618090000003
219,6.695172714,7.064640345,6.481133865,5.816199182,-0.369467631,0.2140388489999996,2023-08-07,-0.369467631
220,5.680079038,6.695172714,6.502357716,6.43853443,-1.0150936760000002,-0.822278678,2023-08-08,-1.0150936760000002
221,6.412772263,5.680079038,7.223705866,5.90074056,0.7326932250000002,-0.8109336030000005,2023-08-09,0.7326932250000002
222,5.811691619,6.412772263,6.832373048,6.213554554,-0.6010806439999996,-1.0206814289999997,2023-08-10,-0.6010806439999996
223,6.18833241,5.811691619,6.946346894,5.561818866,0.3766407909999998,-0.7580144840000003,2023-08-11,0.3766407909999998
224,5.280124523,6.18833241,6.239278536,6.015062568,-0.9082078870000005,-0.959154013,2023-08-12,-0.9082078870000005
225,6.278287558,5.280124523,7.064640345,6.245567733,0.9981630350000001,-0.7863527870000002,2023-08-13,0.9981630350000001
226,6.708512399,6.278287558,6.695172714,5.617964732,0.43022484100000025,0.013339685000000046,2023-08-14,0.43022484100000025
227,6.524116876,6.708512399,5.680079038,6.047722333,-0.18439552300000006,0.8440378380000002,2023-08-15,-0.18439552300000006
228,6.378960244,6.524116876,6.412772263,5.328600654,-0.14515663199999995,-0.03381201899999997,2023-08-16,-0.14515663199999995
229,6.434691767,6.378960244,5.811691619,5.984050593,0.055731523000000394,0.623000148,2023-08-17,0.055731523000000394
230,6.47520127,6.434691767,6.18833241,5.718670217,0.040509503,0.2868688600000002,2023-08-18,0.040509503
231,7.384317349,6.47520127,5.280124523,6.168549778,0.9091160789999995,2.1041928260000002,2023-08-19,0.9091160789999995
232,7.651861894,7.384317349,6.278287558,6.419179952,0.2675445449999998,1.373574336,2023-08-20,0.2675445449999998
233,8.701207113,7.651861894,6.708512399,6.770455873,1.049345219000001,1.9926947140000006,2023-08-21,1.049345219000001
234,7.591809144,8.701207113,6.524116876,6.460004712,-1.1093979690000006,1.067692268,2023-08-22,-1.1093979690000006
235,8.133817813,7.591809144,6.378960244,5.973167431,0.5420086690000003,1.7548575690000003,2023-08-23,0.5420086690000003
236,7.353039585,8.133817813,6.434691767,5.589806569,-0.780778228,0.918347818,2023-08-24,-0.780778228
237,7.544987314,7.353039585,6.47520127,5.966559897,0.1919477289999998,1.0697860439999998,2023-08-25,0.1919477289999998
238,7.065749819,7.544987314,7.384317349,6.50841071,-0.47923749500000046,-0.31856753000000015,2023-08-26,-0.47923749500000046
239,7.550080449,7.065749819,7.651861894,5.914158993,0.48433063000000054,-0.10178144499999942,2023-08-27,0.48433063000000054
240,7.568530826,7.550080449,8.701207113,6.137185499,0.01845037699999974,-1.1326762870000007,2023-08-28,0.01845037699999974
241,6.781578804,7.568530826,7.591809144,6.701932741,-0.7869520220000004,-0.8102303400000004,2023-08-29,-0.7869520220000004
242,6.518598196,6.781578804,8.133817813,6.481133865,-0.26298060799999945,-1.6152196170000002,2023-08-30,-0.26298060799999945
243,6.365795463,6.518598196,7.353039585,6.502357716,-0.1528027329999997,-0.9872441219999999,2023-08-31,-0.1528027329999997
244,6.779827762,6.365795463,7.544987314,7.223705866,0.4140322989999996,-0.7651595520000001,2023-09-01,0.4140322989999996
245,6.517114237,6.779827762,7.065749819,6.832373048,-0.26271352499999967,-0.5486355819999993,2023-09-02,-0.26271352499999967
246,6.705527436,6.517114237,7.550080449,6.946346894,0.1884131989999993,-0.8445530130000005,2023-09-03,0.1884131989999993
247,7.092380299,6.705527436,7.568530826,6.239278536,0.38685286300000055,-0.4761505269999997,2023-09-04,0.38685286300000055
248,7.058309661,7.092380299,6.781578804,7.064640345,-0.03407063800000021,0.27673085700000044,2023-09-05,-0.03407063800000021
249,6.544608743,7.058309661,6.518598196,6.695172714,-0.5137009179999996,0.026010547000000273,2023-09-06,-0.5137009179999996
250,7.42956329,6.544608743,6.365795463,5.680079038,0.8849545469999995,1.0637678269999995,2023-09-07,0.8849545469999995
251,7.721857658,7.42956329,6.779827762,6.412772263,0.2922943680000003,0.9420298960000002,2023-09-08,0.2922943680000003
252,6.502133156,7.721857658,6.517114237,5.811691619,-1.219724502,-0.014981081000000174,2023-09-09,-1.219724502
253,7.391609269,6.502133156,6.705527436,6.18833241,0.8894761129999997,0.6860818330000003,2023-09-10,0.8894761129999997
254,6.989221405,7.391609269,7.092380299,5.280124523,-0.4023878639999996,-0.10315889399999989,2023-09-11,-0.4023878639999996
255,7.45339929,6.989221405,7.058309661,6.278287558,0.4641778849999998,0.3950896290000001,2023-09-12,0.4641778849999998
256,7.591757865,7.45339929,6.544608743,6.708512399,0.13835857499999982,1.0471491219999995,2023-09-13,0.13835857499999982
257,7.766084958,7.591757865,7.42956329,6.524116876,0.1743270930000005,0.3365216680000005,2023-09-14,0.1743270930000005
258,8.361602643,7.766084958,7.721857658,6.378960244,0.595517684999999,0.6397449849999992,2023-09-15,0.595517684999999
259,8.037333381,8.361602643,6.502133156,6.434691767,-0.3242692619999996,1.5352002249999996,2023-09-16,-0.3242692619999996
260,8.959983524,8.037333381,7.391609269,6.47520127,0.9226501430000003,1.5683742550000002,2023-09-17,0.9226501430000003
261,9.15113802,8.959983524,6.989221405,7.384317349,0.19115449599999934,2.161916614999999,2023-09-18,0.19115449599999934
262,8.905577837,9.15113802,7.45339929,7.651861894,-0.24556018300000026,1.452178546999999,2023-09-19,-0.24556018300000026
263,9.415349311,8.905577837,7.591757865,8.701207113,0.5097714740000008,1.823591446,2023-09-20,0.5097714740000008
264,9.724684431,9.415349311,7.766084958,7.591809144,0.3093351200000001,1.9585994729999996,2023-09-21,0.3093351200000001
265,10.09011507,9.724684431,8.361602643,8.133817813,0.3654306389999995,1.728512427,2023-09-22,0.3654306389999995
266,10.25465961,10.09011507,8.037333381,7.353039585,0.16454453999999963,2.2173262289999993,2023-09-23,0.16454453999999963
267,9.549328447,10.25465961,8.959983524,7.544987314,-0.7053311629999985,0.5893449230000005,2023-09-24,-0.7053311629999985
268,10.08531775,9.549328447,9.15113802,7.065749819,0.5359893029999991,0.9341797300000003,2023-09-25,0.5359893029999991
269,10.86821621,10.08531775,8.905577837,7.550080449,0.7828984600000002,1.9626383730000008,2023-09-26,0.7828984600000002
270,10.43282617,10.86821621,9.415349311,7.568530826,-0.4353900399999997,1.0174768590000003,2023-09-27,-0.4353900399999997
271,11.15156592,10.43282617,9.724684431,6.781578804,0.7187397499999992,1.4268814889999994,2023-09-28,0.7187397499999992
272,10.64484963,11.15156592,10.09011507,6.518598196,-0.50671629,0.55473456,2023-09-29,-0.50671629
273,10.96487737,10.64484963,10.25465961,6.365795463,0.32002774000000045,0.7102177600000008,2023-09-30,0.32002774000000045
274,11.68964623,10.96487737,9.549328447,6.779827762,0.7247688599999993,2.1403177829999986,2023-10-01,0.7247688599999993
275,10.89802648,11.68964623,10.08531775,6.517114237,-0.7916197499999988,0.8127087300000007,2023-10-02,-0.7916197499999988
276,11.15595137,10.89802648,10.86821621,6.705527436,0.25792488999999996,0.28773516000000043,2023-10-03,0.25792488999999996
277,11.12450766,11.15595137,10.43282617,7.092380299,-0.03144370999999957,0.6916814900000006,2023-10-04,-0.03144370999999957
278,11.45453995,11.12450766,11.15156592,7.058309661,0.33003228999999834,0.30297402999999967,2023-10-05,0.33003228999999834
279,10.88066325,11.45453995,10.64484963,6.544608743,-0.5738766999999996,0.23581362000000006,2023-10-06,-0.5738766999999996
280,11.39306098,10.88066325,10.96487737,7.42956329,0.51239773,0.4281836099999996,2023-10-07,0.51239773
281,11.55030041,11.39306098,11.68964623,7.721857658,0.15723943000000062,-0.13934581999999907,2023-10-08,0.15723943000000062
282,11.35877212,11.55030041,10.89802648,6.502133156,-0.19152829000000082,0.46074563999999896,2023-10-09,-0.19152829000000082
283,11.40012934,11.35877212,11.15595137,7.391609269,0.04135722000000008,0.24417796999999908,2023-10-10,0.04135722000000008
284,10.80415319,11.40012934,11.12450766,6.989221405,-0.5959761500000003,-0.3203544700000016,2023-10-11,-0.5959761500000003
285,10.95113957,10.80415319,11.45453995,7.45339929,0.1469863800000013,-0.5034003799999986,2023-10-12,0.1469863800000013
286,10.00965452,10.95113957,10.88066325,7.591757865,-0.9414850500000007,-0.8710087299999998,2023-10-13,-0.9414850500000007
287,10.63852616,10.00965452,11.39306098,7.766084958,0.6288716399999998,-0.7545348199999999,2023-10-14,0.6288716399999998
288,10.11305364,10.63852616,11.55030041,8.361602643,-0.5254725199999992,-1.4372467699999998,2023-10-15,-0.5254725199999992
289,10.0095536,10.11305364,11.35877212,8.037333381,-0.10350004000000013,-1.349218519999999,2023-10-16,-0.10350004000000013
290,10.2115207,10.0095536,11.40012934,8.959983524,0.20196709999999918,-1.18860864,2023-10-17,0.20196709999999918
291,10.17354697,10.2115207,10.80415319,9.15113802,-0.03797372999999915,-0.6306062199999989,2023-10-18,-0.03797372999999915
292,9.849481019,10.17354697,10.95113957,8.905577837,-0.3240659509999997,-1.1016585509999999,2023-10-19,-0.3240659509999997
293,10.24676663,9.849481019,10.00965452,9.415349311,0.39728561099999915,0.23711211,2023-10-20,0.39728561099999915
294,9.835264689,10.24676663,10.63852616,9.724684431,-0.41150194099999915,-0.803261470999999,2023-10-21,-0.41150194099999915
295,10.49314322,9.835264689,10.11305364,10.09011507,0.6578785309999997,0.3800895799999999,2023-10-22,0.6578785309999997
296,9.603350087,10.49314322,10.0095536,10.25465961,-0.8897931329999995,-0.40620351299999946,2023-10-23,-0.8897931329999995
297,9.24876006,9.603350087,10.2115207,9.549328447,-0.3545900270000004,-0.9627606399999991,2023-10-24,-0.3545900270000004
298,9.401037919,9.24876006,10.17354697,10.08531775,0.1522778589999998,-0.7725090510000001,2023-10-25,0.1522778589999998
299,9.939871378,9.401037919,9.849481019,10.86821621,0.5388334589999992,0.09039035899999881,2023-10-26,0.5388334589999992
300,10.13535112,9.939871378,10.24676663,10.43282617,0.19547974199999985,-0.1114155100000005,2023-10-27,0.19547974199999985
301,9.647129671,10.13535112,9.835264689,11.15156592,-0.4882214489999992,-0.18813501800000054,2023-10-28,-0.4882214489999992
302,10.78557055,9.647129671,10.49314322,10.64484963,1.1384408789999991,0.2924273299999989,2023-10-29,1.1384408789999991
303,9.760365268,10.78557055,9.603350087,10.96487737,-1.025205282,0.15701518099999845,2023-10-30,-1.025205282
304,10.3869437,9.760365268,9.24876006,11.68964623,0.6265784320000005,1.1381836399999994,2023-10-31,0.6265784320000005
305,10.4788635,10.3869437,9.401037919,10.89802648,0.09191979999999944,1.077825580999999,2023-11-01,0.09191979999999944
306,10.57752336,10.4788635,9.939871378,11.15595137,0.09865986000000149,0.6376519820000013,2023-11-02,0.09865986000000149
307,10.47291662,10.57752336,10.13535112,11.12450766,-0.10460674000000125,0.3375655000000002,2023-11-03,-0.10460674000000125
308,10.40893697,10.47291662,9.647129671,11.45453995,-0.06397965000000028,0.7618072989999991,2023-11-04,-0.06397965000000028
309,9.654938495,10.40893697,10.78557055,10.88066325,-0.7539984749999995,-1.1306320549999995,2023-11-05,-0.7539984749999995
310,9.834805834,9.654938495,9.760365268,11.39306098,0.17986733900000118,0.0744405660000016,2023-11-06,0.17986733900000118
311,9.425696511,9.834805834,10.3869437,11.55030041,-0.4091093230000009,-0.9612471889999998,2023-11-07,-0.4091093230000009
312,9.55456512,9.425696511,10.4788635,11.35877212,0.12886860899999952,-0.9242983799999998,2023-11-08,0.12886860899999952
313,10.10855667,9.55456512,10.57752336,11.40012934,0.553991550000001,-0.46896669000000024,2023-11-09,0.553991550000001
314,9.526518729,10.10855667,10.47291662,10.80415319,-0.5820379410000012,-0.9463978910000002,2023-11-10,-0.5820379410000012
315,10.03160103,9.526518729,10.40893697,10.95113957,0.5050823009999998,-0.37733594000000004,2023-11-11,0.5050823009999998
316,9.68084097,10.03160103,9.654938495,10.00965452,-0.35076005999999893,0.025902475000000535,2023-11-12,-0.35076005999999893
317,9.70637883,9.68084097,9.834805834,10.63852616,0.025537860000000023,-0.12842700400000062,2023-11-13,0.025537860000000023
318,8.587347032,9.70637883,9.425696511,10.11305364,-1.119031798,-0.8383494789999997,2023-11-14,-1.119031798
319,9.048395345,8.587347032,9.55456512,10.0095536,0.46104831299999915,-0.506169775,2023-11-15,0.46104831299999915
320,8.263694395,9.048395345,10.10855667,10.2115207,-0.7847009499999995,-1.8448622750000006,2023-11-16,-0.7847009499999995
321,9.0399819,8.263694395,9.526518729,10.17354697,0.7762875050000009,-0.4865368289999985,2023-11-17,0.7762875050000009
322,9.163766036,9.0399819,10.03160103,9.849481019,0.12378413599999938,-0.867834993999999,2023-11-18,0.12378413599999938
323,9.518616967,9.163766036,9.68084097,10.24676663,0.35485093099999965,-0.1622240030000004,2023-11-19,0.35485093099999965
324,8.592423729,9.518616967,9.70637883,9.835264689,-0.9261932379999998,-1.1139551010000002,2023-11-20,-0.9261932379999998
325,8.600153773,8.592423729,8.587347032,10.49314322,0.007730044000000547,0.012806741000000343,2023-11-21,0.007730044000000547
326,8.899976886,8.600153773,9.048395345,9.603350087,0.29982311299999864,-0.14841845900000017,2023-11-22,0.29982311299999864
327,9.491880902,8.899976886,8.263694395,9.24876006,0.5919040160000009,1.2281865070000002,2023-11-23,0.5919040160000009
328,9.119437222,9.491880902,9.0399819,9.401037919,-0.37244367999999994,0.07945532199999938,2023-11-24,-0.37244367999999994
329,10.17182049,9.119437222,9.163766036,9.939871378,1.0523832679999998,1.0080544539999998,2023-11-25,1.0523832679999998
330,10.15898941,10.17182049,9.518616967,10.13535112,-0.012831079999999773,0.6403724430000004,2023-11-26,-0.012831079999999773
331,10.88522035,10.15898941,8.592423729,9.647129671,0.7262309400000007,2.292796621000001,2023-11-27,0.7262309400000007
332,10.05228172,10.88522035,8.600153773,10.78557055,-0.832938630000001,1.4521279469999993,2023-11-28,-0.832938630000001
333,10.22987502,10.05228172,8.899976886,9.760365268,0.17759329999999984,1.3298981340000005,2023-11-29,0.17759329999999984
334,9.841212706,10.22987502,9.491880902,10.3869437,-0.3886623139999994,0.3493318040000002,2023-11-30,-0.3886623139999994
335,10.49074993,9.841212706,9.119437222,10.4788635,0.6495372239999995,1.3713127079999996,2023-12-01,0.6495372239999995
336,10.19191851,10.49074993,10.17182049,10.57752336,-0.29883141999999907,0.020098020000000716,2023-12-02,-0.29883141999999907
337,10.01436423,10.19191851,10.15898941,10.47291662,-0.17755428000000073,-0.14462518000000024,2023-12-03,-0.17755428000000073
338,9.99085923,10.01436423,10.88522035,10.40893697,-0.02350500000000011,-0.894361120000001,2023-12-04,-0.02350500000000011
339,10.02681131,9.99085923,10.05228172,9.654938495,0.0359520799999995,-0.0254704100000005,2023-12-05,0.0359520799999995
340,9.525744753,10.02681131,10.22987502,9.834805834,-0.5010665569999997,-0.704130267,2023-12-06,-0.5010665569999997
341,9.765642634,9.525744753,9.841212706,9.425696511,0.23989788100000098,-0.07557007199999966,2023-12-07,0.23989788100000098
342,9.555497572,9.765642634,10.49074993,9.55456512,-0.2101450620000005,-0.9352523579999996,2023-12-08,-0.2101450620000005
343,9.11228015,9.555497572,10.19191851,10.10855667,-0.443217422,-1.0796383600000006,2023-12-09,-0.443217422
344,8.759691125,9.11228015,10.01436423,9.526518729,-0.35258902500000033,-1.2546731050000002,2023-12-10,-0.35258902500000033
345,9.249328093,8.759691125,9.99085923,10.03160103,0.489636968000001,-0.7415311369999991,2023-12-11,0.489636968000001
346,8.77552317,9.249328093,10.02681131,9.68084097,-0.4738049230000012,-1.2512881399999998,2023-12-12,-0.4738049230000012
347,9.854105527,8.77552317,9.525744753,9.70637883,1.0785823570000002,0.3283607740000001,2023-12-13,1.0785823570000002
348,10.25335772,9.854105527,9.765642634,8.587347032,0.3992521930000006,0.4877150859999997,2023-12-14,0.3992521930000006
349,9.9843748,10.25335772,9.555497572,9.048395345,-0.2689829200000009,0.4288772279999993,2023-12-15,-0.2689829200000009
350,11.06398076,9.9843748,9.11228015,8.263694395,1.0796059600000003,1.9517006099999996,2023-12-16,1.0796059600000003
351,10.71010619,11.06398076,8.759691125,9.0399819,-0.35387457000000033,1.9504150649999996,2023-12-17,-0.35387457000000033
352,11.25761409,10.71010619,9.249328093,9.163766036,0.5475079000000012,2.0082859969999998,2023-12-18,0.5475079000000012
353,10.60928267,11.25761409,8.77552317,9.518616967,-0.6483314199999999,1.833759500000001,2023-12-19,-0.6483314199999999
354,11.32932884,10.60928267,9.854105527,8.592423729,0.7200461699999998,1.4752233130000008,2023-12-20,0.7200461699999998
355,11.16053242,11.32932884,10.25335772,8.600153773,-0.1687964200000014,0.9071746999999988,2023-12-21,-0.1687964200000014
356,11.33996004,11.16053242,9.9843748,8.899976886,0.17942762000000023,1.35558524,2023-12-22,0.17942762000000023
357,11.54239828,11.33996004,11.06398076,9.491880902,0.2024382400000011,0.4784175200000007,2023-12-23,0.2024382400000011
358,11.79270684,11.54239828,10.71010619,9.119437222,0.2503085599999988,1.0826006499999998,2023-12-24,0.2503085599999988
359,11.70526835,11.79270684,11.25761409,10.17182049,-0.08743848999999848,0.4476542600000002,2023-12-25,-0.08743848999999848
360,11.89753587,11.70526835,10.60928267,10.15898941,0.1922675199999997,1.2882531999999998,2023-12-26,0.1922675199999997
361,11.78967252,11.89753587,11.32932884,10.88522035,-0.10786335000000058,0.46034367999999937,2023-12-27,-0.10786335000000058
362,11.61994787,11.78967252,11.16053242,10.05228172,-0.16972464999999914,0.4594154500000016,2023-12-28,-0.16972464999999914
363,11.96826033,11.61994787,11.33996004,10.22987502,0.34831245999999894,0.6283002900000003,2023-12-29,0.34831245999999894
364,12.28792621,11.96826033,11.54239828,9.841212706,0.3196658800000005,0.7455279299999997,2023-12-30,0.3196658800000005
365,12.43813368,12.28792621,11.79270684,10.49074993,0.1502074699999998,0.6454268400000007,2023-12-31,0.1502074699999998
366,11.99189083,12.43813368,11.70526835,10.19191851,-0.44624285000000086,0.28662247999999835,2024-01-01,-0.44624285000000086
367,11.85068671,11.99189083,11.89753587,10.01436423,-0.14120411999999938,-0.04684916000000072,2024-01-02,-0.14120411999999938
368,12.26622586,11.85068671,11.78967252,9.99085923,0.41553915000000075,0.4765533400000006,2024-01-03,0.41553915000000075
369,11.15803183,12.26622586,11.61994787,10.02681131,-1.10819403,-0.4619160400000002,2024-01-04,-1.10819403
370,12.11997933,11.15803183,11.96826033,9.525744753,0.9619474999999991,0.15171899999999994,2024-01-05,0.9619474999999991
371,11.76873233,12.11997933,12.28792621,9.765642634,-0.351246999999999,-0.5191938799999996,2024-01-06,-0.351246999999999
372,11.12803578,11.76873233,12.43813368,9.555497572,-0.6406965500000013,-1.3100979000000006,2024-01-07,-0.6406965500000013
373,10.86603266,11.12803578,11.99189083,9.11228015,-0.26200311999999926,-1.125858169999999,2024-01-08,-0.26200311999999926
374,10.23757712,10.86603266,11.85068671,8.759691125,-0.6284555400000009,-1.6131095900000005,2024-01-09,-0.6284555400000009
375,10.14320748,10.23757712,12.26622586,9.249328093,-0.09436964000000003,-2.1230183800000013,2024-01-10,-0.09436964000000003
376,10.46689075,10.14320748,11.15803183,8.77552317,0.3236832700000001,-0.6911410800000013,2024-01-11,0.3236832700000001
377,10.69625935,10.46689075,12.11997933,9.854105527,0.2293686000000008,-1.4237199799999996,2024-01-12,0.2293686000000008
378,10.45534182,10.69625935,11.76873233,10.25335772,-0.24091753000000082,-1.3133905100000014,2024-01-13,-0.24091753000000082
379,10.83652579,10.45534182,11.12803578,9.9843748,0.38118397000000037,-0.2915099899999998,2024-01-14,0.38118397000000037
380,10.71043553,10.83652579,10.86603266,11.06398076,-0.1260902599999998,-0.1555971300000003,2024-01-15,-0.1260902599999998
381,11.51680064,10.71043553,10.23757712,10.71010619,0.8063651099999998,1.2792235200000004,2024-01-16,0.8063651099999998
382,11.29962526,11.51680064,10.14320748,11.25761409,-0.21717538000000047,1.15641778,2024-01-17,-0.21717538000000047
383,12.04357266,11.29962526,10.46689075,10.60928267,0.7439474000000015,1.5766819100000014,2024-01-18,0.7439474000000015
384,12.37934218,12.04357266,10.69625935,11.32932884,0.3357695199999995,1.68308283,2024-01-19,0.3357695199999995
385,12.06734366,12.37934218,10.45534182,11.16053242,-0.3119985199999995,1.6120018400000014,2024-01-20,-0.3119985199999995
386,11.21216257,12.06734366,10.83652579,11.33996004,-0.8551810900000003,0.37563678000000067,2024-01-21,-0.8551810900000003
387,10.75617064,11.21216257,10.71043553,11.54239828,-0.4559919299999997,0.045735110000000745,2024-01-22,-0.4559919299999997
388,10.85446209,10.75617064,11.51680064,11.79270684,0.09829144999999961,-0.6623385499999994,2024-01-23,0.09829144999999961
389,10.62193078,10.85446209,11.29962526,11.70526835,-0.2325313100000006,-0.6776944799999995,2024-01-24,-0.2325313100000006
390,10.39052456,10.62193078,12.04357266,11.89753587,-0.23140622000000022,-1.6530481000000012,2024-01-25,-0.23140622000000022
391,11.32402028,10.39052456,12.37934218,11.78967252,0.9334957199999998,-1.055321900000001,2024-01-26,0.9334957199999998
392,11.23435857,11.32402028,12.06734366,11.61994787,-0.08966170999999967,-0.8329850900000011,2024-01-27,-0.08966170999999967
393,10.63505592,11.23435857,11.21216257,11.96826033,-0.5993026500000003,-0.577106650000001,2024-01-28,-0.5993026500000003
394,11.86507245,10.63505592,10.75617064,12.28792621,1.2300165300000003,1.108901809999999,2024-01-29,1.2300165300000003
395,11.64172029,11.86507245,10.85446209,12.43813368,-0.22335215999999924,0.7872582000000001,2024-01-30,-0.22335215999999924
396,12.27268843,11.64172029,10.62193078,11.99189083,0.6309681400000002,1.650757650000001,2024-01-31,0.6309681400000002
397,12.12051353,12.27268843,10.39052456,11.85068671,-0.15217490000000033,1.7299889700000008,2024-02-01,-0.15217490000000033
398,12.51634578,12.12051353,11.32402028,12.26622586,0.3958322499999998,1.1923255000000008,2024-02-02,0.3958322499999998
399,11.95056055,12.51634578,11.23435857,11.15803183,-0.5657852299999995,0.716201980000001,2024-02-03,-0.5657852299999995
400,12.22118708,11.95056055,10.63505592,12.11997933,0.2706265299999995,1.5861311600000008,2024-02-04,0.2706265299999995
401,12.27182008,12.22118708,11.86507245,11.76873233,0.050632999999999484,0.4067476299999999,2024-02-05,0.050632999999999484
402,12.28144634,12.27182008,11.64172029,11.12803578,0.009626260000000997,0.6397260500000002,2024-02-06,0.009626260000000997
403,12.05270478,12.28144634,12.27268843,10.86603266,-0.22874156000000134,-0.21998365000000142,2024-02-07,-0.22874156000000134
404,12.42338133,12.05270478,12.12051353,10.23757712,0.37067655000000066,0.3028677999999996,2024-02-08,0.37067655000000066
405,11.85932698,12.42338133,12.51634578,10.14320748,-0.5640543499999993,-0.6570187999999995,2024-02-09,-0.5640543499999993
406,11.73912658,11.85932698,11.95056055,10.46689075,-0.12020039999999987,-0.21143396999999986,2024-02-10,-0.12020039999999987
407,11.92291,11.73912658,12.22118708,10.69625935,0.18378341999999925,-0.2982770800000001,2024-02-11,0.18378341999999925
408,12.157616,11.92291,12.27182008,10.45534182,0.23470600000000097,-0.1142040799999986,2024-02-12,0.23470600000000097
409,11.79346872,12.157616,12.28144634,10.83652579,-0.36414728000000096,-0.48797762000000056,2024-02-13,-0.36414728000000096
410,11.9430778,11.79346872,12.05270478,10.71043553,0.1496090799999994,-0.10962697999999982,2024-02-14,0.1496090799999994
411,11.36953639,11.9430778,12.42338133,11.51680064,-0.5735414099999989,-1.0538449399999994,2024-02-15,-0.5735414099999989
412,11.64293102,11.36953639,11.85932698,11.29962526,0.2733946300000003,-0.21639595999999983,2024-02-16,0.2733946300000003
413,10.89965094,11.64293102,11.73912658,12.04357266,-0.7432800799999999,-0.8394756399999999,2024-02-17,-0.7432800799999999
414,11.51358095,10.89965094,11.92291,12.37934218,0.6139300099999989,-0.4093290500000002,2024-02-18,0.6139300099999989
415,10.95912682,11.51358095,12.157616,12.06734366,-0.5544541299999999,-1.198489180000001,2024-02-19,-0.5544541299999999
416,10.31231737,10.95912682,11.79346872,11.21216257,-0.6468094499999992,-1.4811513499999993,2024-02-20,-0.6468094499999992
417,10.77773788,10.31231737,11.9430778,10.75617064,0.4654205099999995,-1.1653399199999992,2024-02-21,0.4654205099999995
418,11.03581856,10.77773788,11.36953639,10.85446209,0.25808067999999906,-0.3337178300000012,2024-02-22,0.25808067999999906
419,11.04543669,11.03581856,11.64293102,10.62193078,0.009618130000001557,-0.59749433,2024-02-23,0.009618130000001557
420,11.63735871,11.04543669,10.89965094,10.39052456,0.5919220200000002,0.7377077700000001,2024-02-24,0.5919220200000002
421,11.84817774,11.63735871,11.51358095,11.32402028,0.21081902999999969,0.33459679000000087,2024-02-25,0.21081902999999969
422,11.30317125,11.84817774,10.95912682,11.23435857,-0.5450064900000005,0.3440444300000003,2024-02-26,-0.5450064900000005
423,10.85196452,11.30317125,10.31231737,10.63505592,-0.4512067300000009,0.5396471499999986,2024-02-27,-0.4512067300000009
424,11.58185214,10.85196452,10.77773788,11.86507245,0.7298876200000013,0.8041142600000004,2024-02-28,0.7298876200000013
425,10.9251649,11.58185214,11.03581856,11.64172029,-0.6566872400000001,-0.11065365999999877,2024-02-29,-0.6566872400000001
426,11.58242318,10.9251649,11.04543669,12.27268843,0.6572582799999989,0.5369864899999985,2024-03-01,0.6572582799999989
427,11.714175,11.58242318,11.63735871,12.12051353,0.13175181999999985,0.07681628999999823,2024-03-02,0.13175181999999985
428,11.85870991,11.714175,11.84817774,12.51634578,0.14453491000000085,0.010532169999999397,2024-03-03,0.14453491000000085
429,12.4743538,11.85870991,11.30317125,11.95056055,0.6156438899999994,1.1711825499999993,2024-03-04,0.6156438899999994
430,13.28181359,12.4743538,10.85196452,12.22118708,0.8074597900000011,2.4298490700000013,2024-03-05,0.8074597900000011
431,12.38885091,13.28181359,11.58185214,12.27182008,-0.8929626800000001,0.8069987699999999,2024-03-06,-0.8929626800000001
432,12.69666202,12.38885091,10.9251649,12.28144634,0.3078111099999994,1.7714971199999994,2024-03-07,0.3078111099999994
433,12.75891555,12.69666202,11.58242318,12.05270478,0.06225352999999956,1.17649237,2024-03-08,0.06225352999999956
434,12.79436534,12.75891555,11.714175,12.42338133,0.03544979000000126,1.0801903400000015,2024-03-09,0.03544979000000126
435,13.03626492,12.79436534,11.85870991,11.85932698,0.24189958000000011,1.1775550100000007,2024-03-10,0.24189958000000011
436,12.61389051,13.03626492,12.4743538,11.73912658,-0.42237441000000153,0.1395367099999998,2024-03-11,-0.42237441000000153
437,13.20618288,12.61389051,13.28181359,11.92291,0.5922923700000009,-0.07563071000000043,2024-03-12,0.5922923700000009
438,11.33646421,13.20618288,12.38885091,12.157616,-1.8697186699999992,-1.0523866999999996,2024-03-13,-1.8697186699999992
439,12.33494046,11.33646421,12.69666202,11.79346872,0.9984762499999995,-0.36172155999999944,2024-03-14,0.9984762499999995
440,12.2952658,12.33494046,12.75891555,11.9430778,-0.03967466000000108,-0.4636497500000001,2024-03-15,-0.03967466000000108
441,12.27980845,12.2952658,12.79436534,11.36953639,-0.015457349999998371,-0.5145568899999997,2024-03-16,-0.015457349999998371
442,12.42600982,12.27980845,13.03626492,11.64293102,0.14620137,-0.6102550999999998,2024-03-17,0.14620137
443,12.25776278,12.42600982,12.61389051,10.89965094,-0.16824704000000068,-0.356127729999999,2024-03-18,-0.16824704000000068
444,11.87191996,12.25776278,13.20618288,11.51358095,-0.3858428200000006,-1.3342629200000005,2024-03-19,-0.3858428200000006
445,12.67618483,11.87191996,11.33646421,10.95912682,0.8042648700000008,1.3397206199999996,2024-03-20,0.8042648700000008
446,12.1142837,12.67618483,12.33494046,10.31231737,-0.5619011300000007,-0.22065676000000067,2024-03-21,-0.5619011300000007
447,11.96338146,12.1142837,12.2952658,10.77773788,-0.15090223999999886,-0.33188433999999845,2024-03-22,-0.15090223999999886
448,12.44743229,11.96338146,12.27980845,11.03581856,0.48405082999999927,0.1676238399999992,2024-03-23,0.48405082999999927
449,12.72511952,12.44743229,12.42600982,11.04543669,0.27768722999999973,0.2991096999999989,2024-03-24,0.27768722999999973
450,12.5116333,12.72511952,12.25776278,11.63735871,-0.21348622000000006,0.25387051999999954,2024-03-25,-0.21348622000000006
451,12.17234837,12.5116333,11.87191996,11.84817774,-0.3392849299999998,0.3004284100000003,2024-03-26,-0.3392849299999998
452,11.97771742,12.17234837,12.67618483,11.30317125,-0.19463095000000052,-0.698467410000001,2024-03-27,-0.19463095000000052
453,12.23245368,11.97771742,12.1142837,10.85196452,0.2547362600000014,0.11816998000000112,2024-03-28,0.2547362600000014
454,12.37410985,12.23245368,11.96338146,11.58185214,0.1416561699999992,0.41072838999999917,2024-03-29,0.1416561699999992
455,12.98195912,12.37410985,12.44743229,10.9251649,0.6078492700000009,0.5345268300000008,2024-03-30,0.6078492700000009
456,12.49576931,12.98195912,12.72511952,11.58242318,-0.48618981000000083,-0.22935020999999978,2024-03-31,-0.48618981000000083
457,13.41855217,12.49576931,12.5116333,11.714175,0.9227828599999999,0.9069188700000002,2024-04-01,0.9227828599999999
458,12.310697,13.41855217,12.17234837,11.85870991,-1.1078551700000006,0.13834862999999942,2024-04-02,-1.1078551700000006
459,11.70179391,12.310697,11.97771742,12.4743538,-0.6089030900000001,-0.27592351000000015,2024-04-03,-0.6089030900000001
460,12.4746098,11.70179391,12.23245368,13.28181359,0.7728158900000004,0.24215611999999886,2024-04-04,0.7728158900000004
461,12.30447328,12.4746098,12.37410985,12.38885091,-0.1701365199999998,-0.06963657000000012,2024-04-05,-0.1701365199999998
462,11.91232484,12.30447328,12.98195912,12.69666202,-0.3921484399999997,-1.0696342800000007,2024-04-06,-0.3921484399999997
463,12.06182155,11.91232484,12.49576931,12.75891555,0.1494967099999993,-0.43394776000000057,2024-04-07,0.1494967099999993
464,11.82917264,12.06182155,13.41855217,12.79436534,-0.23264891,-1.5893795300000004,2024-04-08,-0.23264891
465,11.82716412,11.82917264,12.310697,13.03626492,-0.002008519999998626,-0.4835328799999985,2024-04-09,-0.002008519999998626
466,12.1895535,11.82716412,11.70179391,12.61389051,0.36238937999999976,0.48775959000000135,2024-04-10,0.36238937999999976
467,11.78537286,12.1895535,12.4746098,13.20618288,-0.40418063999999987,-0.6892369399999989,2024-04-11,-0.40418063999999987
468,11.63884845,11.78537286,12.30447328,11.33646421,-0.14652441000000138,-0.6656248300000005,2024-04-12,-0.14652441000000138
469,11.63896413,11.63884845,11.91232484,12.33494046,0.00011568000000039547,-0.2733607100000004,2024-04-13,0.00011568000000039547
470,11.88642246,11.63896413,12.06182155,12.2952658,0.24745833000000061,-0.1753990899999991,2024-04-14,0.24745833000000061
471,11.85488462,11.88642246,11.82917264,12.27980845,-0.03153784000000037,0.025711980000000523,2024-04-15,-0.03153784000000037
472,11.84609015,11.85488462,11.82716412,12.42600982,-0.008794469999999777,0.018926029999999372,2024-04-16,-0.008794469999999777
473,11.74862167,11.84609015,12.1895535,12.25776278,-0.09746847999999986,-0.44093183000000025,2024-04-17,-0.09746847999999986
474,11.87811409,11.74862167,11.78537286,11.87191996,0.12949242000000005,0.09274122999999967,2024-04-18,0.12949242000000005
475,12.20198435,11.87811409,11.63884845,12.67618483,0.32387025999999963,0.5631359000000007,2024-04-19,0.32387025999999963
476,11.45912015,12.20198435,11.63896413,12.1142837,-0.7428641999999996,-0.17984397999999935,2024-04-20,-0.7428641999999996
477,12.34953765,11.45912015,11.88642246,11.96338146,0.8904174999999999,0.4631151899999999,2024-04-21,0.8904174999999999
478,11.87079189,12.34953765,11.85488462,12.44743229,-0.4787457600000007,0.015907269999999585,2024-04-22,-0.4787457600000007
479,12.42081087,11.87079189,11.84609015,12.72511952,0.5500189800000008,0.5747207200000002,2024-04-23,0.5500189800000008
480,12.85218592,12.42081087,11.74862167,12.5116333,0.43137504999999976,1.1035642499999998,2024-04-24,0.43137504999999976
481,12.79460121,12.85218592,11.87811409,12.17234837,-0.05758471000000043,0.9164871199999993,2024-04-25,-0.05758471000000043
482,13.62608898,12.79460121,12.20198435,11.97771742,0.8314877700000007,1.4241046300000004,2024-04-26,0.8314877700000007
483,13.22768706,13.62608898,11.45912015,12.23245368,-0.3984019200000013,1.7685669099999988,2024-04-27,-0.3984019200000013
484,13.67048893,13.22768706,12.34953765,12.37410985,0.44280187000000026,1.3209512799999992,2024-04-28,0.44280187000000026
485,13.02040072,13.67048893,11.87079189,12.98195912,-0.6500882099999998,1.14960883,2024-04-29,-0.6500882099999998
486,14.02855963,13.02040072,12.42081087,12.49576931,1.0081589100000006,1.6077487599999998,2024-04-30,1.0081589100000006
487,13.70373558,14.02855963,12.85218592,13.41855217,-0.32482405000000014,0.8515496599999999,2024-05-01,-0.32482405000000014
488,13.14141166,13.70373558,12.79460121,12.310697,-0.5623239200000008,0.34681044999999955,2024-05-02,-0.5623239200000008
489,14.58439135,13.14141166,13.62608898,11.70179391,1.4429796900000014,0.9583023700000002,2024-05-03,1.4429796900000014
490,12.99860149,14.58439135,13.22768706,12.4746098,-1.5857898600000002,-0.22908556999999874,2024-05-04,-1.5857898600000002
491,13.94233027,12.99860149,13.67048893,12.30447328,0.9437287799999989,0.27184133999999993,2024-05-05,0.9437287799999989
492,13.35883336,13.94233027,13.02040072,11.91232484,-0.5834969099999991,0.3384326400000006,2024-05-06,-0.5834969099999991
493,13.14583676,13.35883336,14.02855963,12.06182155,-0.2129966000000003,-0.8827228700000003,2024-05-07,-0.2129966000000003
494,13.14194539,13.14583676,13.70373558,11.82917264,-0.0038913699999998386,-0.56179019,2024-05-08,-0.0038913699999998386
495,13.78288481,13.14194539,13.14141166,11.82716412,0.6409394200000005,0.6414731500000013,2024-05-09,0.6409394200000005
496,13.2471014,13.78288481,14.58439135,12.1895535,-0.5357834100000005,-1.3372899500000006,2024-05-10,-0.5357834100000005
497,12.91791795,13.2471014,12.99860149,11.78537286,-0.3291834500000004,-0.08068354000000078,2024-05-11,-0.3291834500000004
498,13.08170823,12.91791795,13.94233027,11.63884845,0.16379028000000062,-0.8606220399999991,2024-05-12,0.16379028000000062
499,12.56804083,13.08170823,13.35883336,11.63896413,-0.513667400000001,-0.7907925300000009,2024-05-13,-0.513667400000001
500,12.74694261,12.56804083,13.14583676,11.88642246,0.17890178000000034,-0.3988941500000003,2024-05-14,0.17890178000000034
501,12.35284367,12.74694261,13.14194539,11.85488462,-0.39409893999999923,-0.7891017199999997,2024-05-15,-0.39409893999999923
502,12.98090483,12.35284367,13.78288481,11.84609015,0.6280611599999997,-0.8019799800000005,2024-05-16,0.6280611599999997
503,12.90913353,12.98090483,13.2471014,11.74862167,-0.07177129999999998,-0.33796786999999995,2024-05-17,-0.07177129999999998
504,12.5920623,12.90913353,12.91791795,11.87811409,-0.3170712299999998,-0.3258556499999994,2024-05-18,-0.3170712299999998
505,12.53504785,12.5920623,13.08170823,12.20198435,-0.057014450000000494,-0.5466603800000005,2024-05-19,-0.057014450000000494
506,12.85674512,12.53504785,12.56804083,11.45912015,0.3216972699999996,0.2887042900000001,2024-05-20,0.3216972699999996
507,12.26760949,12.85674512,12.74694261,12.34953765,-0.5891356299999995,-0.4793331199999997,2024-05-21,-0.5891356299999995
508,11.98661548,12.26760949,12.35284367,11.87079189,-0.28099401000000057,-0.36622819000000106,2024-05-22,-0.28099401000000057
509,12.52412042,11.98661548,12.98090483,12.42081087,0.5375049399999998,-0.4567844100000009,2024-05-23,0.5375049399999998
510,12.66745399,12.52412042,12.90913353,12.85218592,0.14333357000000113,-0.2416795399999998,2024-05-24,0.14333357000000113
511,12.25648214,12.66745399,12.5920623,12.79460121,-0.410971850000001,-0.335580160000001,2024-05-25,-0.410971850000001
512,11.91079143,12.25648214,12.53504785,13.62608898,-0.3456907099999995,-0.62425642,2024-05-26,-0.3456907099999995
513,11.78397433,11.91079143,12.85674512,13.22768706,-0.12681710000000024,-1.0727707899999999,2024-05-27,-0.12681710000000024
514,11.92127457,11.78397433,12.26760949,13.67048893,0.13730024000000007,-0.3463349200000003,2024-05-28,0.13730024000000007
515,12.158925,11.92127457,11.98661548,13.02040072,0.2376504300000004,0.17230952000000066,2024-05-29,0.2376504300000004
516,11.81057468,12.158925,12.52412042,14.02855963,-0.34835031999999977,-0.7135457399999989,2024-05-30,-0.34835031999999977
517,11.88975226,11.81057468,12.66745399,13.70373558,0.07917757999999964,-0.7777017300000004,2024-05-31,0.07917757999999964
518,11.69825461,11.88975226,12.25648214,13.14141166,-0.19149765000000052,-0.5582275299999999,2024-06-01,-0.19149765000000052
519,12.17167502,11.69825461,11.91079143,14.58439135,0.473420410000001,0.2608835900000006,2024-06-02,0.473420410000001
520,11.82052751,12.17167502,11.78397433,12.99860149,-0.35114751000000055,0.036553180000000296,2024-06-03,-0.35114751000000055
521,11.15347885,11.82052751,11.92127457,13.94233027,-0.667048659999999,-0.7677957199999987,2024-06-04,-0.667048659999999
522,11.23717709,11.15347885,12.158925,13.35883336,0.08369823999999859,-0.9217479100000006,2024-06-05,0.08369823999999859
523,11.15107411,11.23717709,11.81057468,13.14583676,-0.08610297999999972,-0.6595005700000005,2024-06-06,-0.08610297999999972
524,11.08064513,11.15107411,11.88975226,13.14194539,-0.07042897999999909,-0.8091071299999992,2024-06-07,-0.07042897999999909
525,11.64138463,11.08064513,11.69825461,13.78288481,0.5607394999999986,-0.0568699800000001,2024-06-08,0.5607394999999986
526,11.64244469,11.64138463,12.17167502,13.2471014,0.0010600600000003624,-0.5292303300000007,2024-06-09,0.0010600600000003624
527,11.37726013,11.64244469,11.82052751,12.91791795,-0.2651845599999998,-0.44326738,2024-06-10,-0.2651845599999998
528,12.70618117,11.37726013,11.15347885,13.08170823,1.3289210400000009,1.5527023199999999,2024-06-11,1.3289210400000009
529,12.65099724,12.70618117,11.23717709,12.56804083,-0.0551839300000001,1.4138201500000012,2024-06-12,-0.0551839300000001
530,12.6903084,12.65099724,11.15107411,12.74694261,0.03931115999999868,1.5392342899999996,2024-06-13,0.03931115999999868
531,13.02786915,12.6903084,11.08064513,12.35284367,0.3375607500000015,1.9472240200000002,2024-06-14,0.3375607500000015
532,12.80178234,13.02786915,11.64138463,12.98090483,-0.22608680999999997,1.1603977100000016,2024-06-15,-0.22608680999999997
533,13.42265358,12.80178234,11.64244469,12.90913353,0.6208712399999996,1.7802088900000008,2024-06-16,0.6208712399999996
534,12.80727665,13.42265358,11.37726013,12.5920623,-0.61537693,1.4300165200000006,2024-06-17,-0.61537693
535,12.80567703,12.80727665,12.70618117,12.53504785,-0.0015996200000003569,0.09949585999999933,2024-06-18,-0.0015996200000003569
536,11.92365881,12.80567703,12.65099724,12.85674512,-0.8820182200000009,-0.7273384300000014,2024-06-19,-0.8820182200000009
537,12.49031206,11.92365881,12.6903084,12.26760949,0.5666532500000017,-0.19999633999999844,2024-06-20,0.5666532500000017
538,12.71389921,12.49031206,13.02786915,11.98661548,0.2235871499999984,-0.31396994000000156,2024-06-21,0.2235871499999984
539,12.53482273,12.71389921,12.80178234,12.52412042,-0.1790764799999991,-0.2669596100000007,2024-06-22,-0.1790764799999991
540,13.43723176,12.53482273,13.42265358,12.66745399,0.9024090299999994,0.014578179999999108,2024-06-23,0.9024090299999994
541,13.63800734,13.43723176,12.80727665,12.25648214,0.20077558000000018,0.8307306899999993,2024-06-24,0.20077558000000018
542,12.95851121,13.63800734,12.80567703,11.91079143,-0.6794961300000004,0.15283417999999926,2024-06-25,-0.6794961300000004
543,13.00209354,12.95851121,11.92365881,11.78397433,0.043582330000001335,1.0784347300000015,2024-06-26,0.043582330000001335
544,12.19453438,13.00209354,12.49031206,11.92127457,-0.8075591600000003,-0.2957776800000005,2024-06-27,-0.8075591600000003
545,12.65658197,12.19453438,12.71389921,12.158925,0.4620475899999992,-0.057317239999999714,2024-06-28,0.4620475899999992
546,12.26725363,12.65658197,12.53482273,11.81057468,-0.3893283399999987,-0.26756909999999934,2024-06-29,-0.3893283399999987
547,12.46538558,12.26725363,13.43723176,11.88975226,0.19813194999999872,-0.97184618,2024-06-30,0.19813194999999872
548,11.52944628,12.46538558,13.63800734,11.69825461,-0.9359392999999994,-2.1085610599999995,2024-07-01,-0.9359392999999994
549,11.91740943,11.52944628,12.95851121,12.17167502,0.38796314999999915,-1.04110178,2024-07-02,0.38796314999999915
550,11.38219886,11.91740943,13.00209354,11.82052751,-0.5352105699999985,-1.6198946799999998,2024-07-03,-0.5352105699999985
551,11.26626767,11.38219886,12.19453438,11.15347885,-0.1159311900000013,-0.9282667100000008,2024-07-04,-0.1159311900000013
552,11.76828749,11.26626767,12.65658197,11.23717709,0.502019820000001,-0.888294479999999,2024-07-05,0.502019820000001
553,11.87538744,11.76828749,12.26725363,11.15107411,0.10709995000000028,-0.39186619,2024-07-06,0.10709995000000028
554,12.58730685,11.87538744,12.46538558,11.08064513,0.7119194099999984,0.12192126999999964,2024-07-07,0.7119194099999984
555,12.39629138,12.58730685,11.52944628,11.64138463,-0.19101546999999997,0.866845099999999,2024-07-08,-0.19101546999999997
556,12.80282887,12.39629138,11.91740943,11.64244469,0.4065374900000016,0.8854194400000015,2024-07-09,0.4065374900000016
557,12.24385654,12.80282887,11.38219886,11.37726013,-0.5589723300000013,0.8616576799999986,2024-07-10,-0.5589723300000013
558,12.67030902,12.24385654,11.26626767,12.70618117,0.42645248,1.40404135,2024-07-11,0.42645248
559,13.31219796,12.67030902,11.76828749,12.65099724,0.6418889400000012,1.5439104700000001,2024-07-12,0.6418889400000012
560,13.31603826,13.31219796,11.87538744,12.6903084,0.0038402999999984644,1.4406508199999983,2024-07-13,0.0038402999999984644
561,13.04627103,13.31603826,12.58730685,13.02786915,-0.26976722999999936,0.4589641800000006,2024-07-14,-0.26976722999999936
562,12.75132567,13.04627103,12.39629138,12.80178234,-0.2949453599999998,0.35503429000000075,2024-07-15,-0.2949453599999998
563,12.78686786,12.75132567,12.80282887,13.42265358,0.03554218999999925,-0.015961010000001608,2024-07-16,0.03554218999999925
564,13.44438984,12.78686786,12.24385654,12.80727665,0.6575219800000003,1.2005333,2024-07-17,0.6575219800000003
565,13.73178244,13.44438984,12.67030902,12.80567703,0.28739260000000044,1.0614734200000004,2024-07-18,0.28739260000000044
566,13.10876341,13.73178244,13.31219796,11.92365881,-0.62301903,-0.20343455000000077,2024-07-19,-0.62301903
567,14.05092571,13.10876341,13.31603826,12.49031206,0.9421622999999997,0.7348874500000004,2024-07-20,0.9421622999999997
568,13.78269338,14.05092571,13.04627103,12.71389921,-0.26823233,0.7364223499999998,2024-07-21,-0.26823233
569,14.17450212,13.78269338,12.75132567,12.53482273,0.3918087400000001,1.4231764499999997,2024-07-22,0.3918087400000001
570,14.56967641,14.17450212,12.78686786,13.43723176,0.39517428999999993,1.7828085500000004,2024-07-23,0.39517428999999993
571,13.67098592,14.56967641,13.44438984,13.63800734,-0.8986904899999999,0.2265960800000002,2024-07-24,-0.8986904899999999
572,13.98910617,13.67098592,13.73178244,12.95851121,0.31812024999999977,0.25732372999999953,2024-07-25,0.31812024999999977
573,14.24029335,13.98910617,13.10876341,13.00209354,0.2511871800000005,1.13152994,2024-07-26,0.2511871800000005
574,13.93475205,14.24029335,14.05092571,12.19453438,-0.3055412999999998,-0.1161736599999994,2024-07-27,-0.3055412999999998
575,14.02469716,13.93475205,13.78269338,12.65658197,0.08994511000000038,0.242003780000001,2024-07-28,0.08994511000000038
576,14.41839801,14.02469716,14.17450212,12.26725363,0.3937008500000001,0.243895890000001,2024-07-29,0.3937008500000001
577,13.5356501,14.41839801,14.56967641,12.46538558,-0.8827479100000009,-1.0340263099999998,2024-07-30,-0.8827479100000009
578,13.66849178,13.5356501,13.67098592,11.52944628,0.1328416800000003,-0.0024941399999995895,2024-07-31,0.1328416800000003
579,13.60088212,13.66849178,13.98910617,11.91740943,-0.06760966000000046,-0.3882240499999998,2024-08-01,-0.06760966000000046
580,13.93891958,13.60088212,14.24029335,11.38219886,0.3380374600000007,-0.30137376999999965,2024-08-02,0.3380374600000007
581,14.05218356,13.93891958,13.93475205,11.26626767,0.11326397999999926,0.1174315099999994,2024-08-03,0.11326397999999926
582,13.52047837,14.05218356,14.02469716,11.76828749,-0.5317051900000003,-0.5042187900000012,2024-08-04,-0.5317051900000003
583,13.08264299,13.52047837,14.41839801,11.87538744,-0.4378353799999992,-1.3357550200000006,2024-08-05,-0.4378353799999992
584,13.50488575,13.08264299,13.5356501,12.58730685,0.4222427599999996,-0.030764350000000107,2024-08-06,0.4222427599999996
585,13.68482591,13.50488575,13.66849178,12.39629138,0.17994016000000101,0.016334130000000613,2024-08-07,0.17994016000000101
586,13.15290319,13.68482591,13.60088212,12.80282887,-0.5319227200000007,-0.44797892999999966,2024-08-08,-0.5319227200000007
587,13.31029028,13.15290319,13.93891958,12.24385654,0.15738709000000028,-0.6286293000000001,2024-08-09,0.15738709000000028
588,12.66560082,13.31029028,14.05218356,12.67030902,-0.6446894600000004,-1.3865827399999997,2024-08-10,-0.6446894600000004
589,13.66065769,12.66560082,13.52047837,13.31219796,0.9950568700000009,0.14017932000000144,2024-08-11,0.9950568700000009
590,13.22188221,13.66065769,13.08264299,13.31603826,-0.43877548000000033,0.13923922000000033,2024-08-12,-0.43877548000000033
591,13.66726695,13.22188221,13.50488575,13.04627103,0.4453847399999997,0.16238120000000045,2024-08-13,0.4453847399999997
592,13.90272062,13.66726695,13.68482591,12.75132567,0.23545367000000006,0.2178947099999995,2024-08-14,0.23545367000000006
593,13.08160973,13.90272062,13.15290319,12.78686786,-0.8211108899999999,-0.0712934599999997,2024-08-15,-0.8211108899999999
594,14.04196943,13.08160973,13.31029028,13.44438984,0.9603596999999997,0.7316791499999997,2024-08-16,0.9603596999999997
595,14.31322806,14.04196943,12.66560082,13.73178244,0.27125863000000017,1.6476272400000003,2024-08-17,0.27125863000000017
596,15.11370708,14.31322806,13.66065769,13.10876341,0.8004790199999992,1.4530493899999986,2024-08-18,0.8004790199999992
597,14.55937527,15.11370708,13.22188221,14.05092571,-0.554331809999999,1.33749306,2024-08-19,-0.554331809999999
598,14.47191087,14.55937527,13.66726695,13.78269338,-0.0874644,0.8046439200000002,2024-08-20,-0.0874644
599,14.00773834,14.47191087,13.90272062,14.17450212,-0.4641725300000008,0.10501771999999931,2024-08-21,-0.4641725300000008
600,14.38743999,14.00773834,13.08160973,14.56967641,0.3797016500000012,1.3058302600000005,2024-08-22,0.3797016500000012
601,14.48840167,14.38743999,14.04196943,13.67098592,0.10096167999999928,0.44643224000000004,2024-08-23,0.10096167999999928
602,14.65165077,14.48840167,14.31322806,13.98910617,0.1632490999999998,0.3384227099999997,2024-08-24,0.1632490999999998
603,14.51457225,14.65165077,15.11370708,14.24029335,-0.13707851999999932,-0.5991348299999988,2024-08-25,-0.13707851999999932
604,14.92224878,14.51457225,14.55937527,13.93475205,0.4076765299999998,0.36287351,2024-08-26,0.4076765299999998
605,14.19465212,14.92224878,14.47191087,14.02469716,-0.7275966599999997,-0.27725874999999967,2024-08-27,-0.7275966599999997
606,14.1137927,14.19465212,14.00773834,14.41839801,-0.08085942000000124,0.1060543599999999,2024-08-28,-0.08085942000000124
607,13.64436482,14.1137927,14.38743999,13.5356501,-0.4694278799999996,-0.7430751700000009,2024-08-29,-0.4694278799999996
608,14.57006597,13.64436482,14.48840167,13.66849178,0.9257011500000001,0.08166429999999991,2024-08-30,0.9257011500000001
609,13.70952729,14.57006597,14.65165077,13.60088212,-0.8605386799999994,-0.9421234799999993,2024-08-31,-0.8605386799999994
610,14.0105535,13.70952729,14.51457225,13.93891958,0.30102620999999985,-0.5040187500000002,2024-09-01,0.30102620999999985
611,14.42484355,14.0105535,14.92224878,14.05218356,0.41429004999999997,-0.49740523000000003,2024-09-02,0.41429004999999997
612,13.71071969,14.42484355,14.19465212,13.52047837,-0.7141238600000008,-0.4839324300000012,2024-09-03,-0.7141238600000008
613,13.30590294,13.71071969,14.1137927,13.08264299,-0.40481675000000017,-0.8078897600000001,2024-09-04,-0.40481675000000017
614,13.70184262,13.30590294,13.64436482,13.50488575,0.39593968000000146,0.05747780000000091,2024-09-05,0.39593968000000146
615,13.4939323,13.70184262,14.57006597,13.68482591,-0.20791031999999987,-1.076133669999999,2024-09-06,-0.20791031999999987
616,13.60321536,13.4939323,13.70952729,13.15290319,0.10928305999999921,-0.10631193000000039,2024-09-07,0.10928305999999921
617,12.709116,13.60321536,14.0105535,13.31029028,-0.8940993600000002,-1.3014375000000005,2024-09-08,-0.8940993600000002
618,12.56578173,12.709116,14.42484355,12.66560082,-0.14333427000000043,-1.8590618200000009,2024-09-09,-0.14333427000000043
619,12.29204511,12.56578173,13.71071969,13.66065769,-0.2737366199999993,-1.4186745799999994,2024-09-10,-0.2737366199999993
620,12.49372294,12.29204511,13.30590294,13.22188221,0.2016778299999995,-0.8121799999999997,2024-09-11,0.2016778299999995
621,12.22476014,12.49372294,13.70184262,13.66726695,-0.26896279999999884,-1.47708248,2024-09-12,-0.26896279999999884
622,12.37883736,12.22476014,13.4939323,13.90272062,0.15407721999999957,-1.1150949400000005,2024-09-13,0.15407721999999957
623,11.86318822,12.37883736,13.60321536,13.08160973,-0.5156491400000007,-1.7400271400000005,2024-09-14,-0.5156491400000007
624,11.95917661,11.86318822,12.709116,14.04196943,0.09598839000000048,-0.7499393899999998,2024-09-15,0.09598839000000048
625,11.6136404,11.95917661,12.56578173,14.31322806,-0.34553621000000057,-0.9521413299999999,2024-09-16,-0.34553621000000057
626,10.92231613,11.6136404,12.29204511,15.11370708,-0.6913242699999991,-1.3697289799999997,2024-09-17,-0.6913242699999991
627,10.69381706,10.92231613,12.49372294,14.55937527,-0.2284990699999998,-1.799905879999999,2024-09-18,-0.2284990699999998
628,9.796640702,10.69381706,12.22476014,14.47191087,-0.8971763580000012,-2.4281194380000013,2024-09-19,-0.8971763580000012
629,10.02455082,9.796640702,12.37883736,14.00773834,0.2279101180000005,-2.3542865400000004,2024-09-20,0.2279101180000005
630,10.25129418,10.02455082,11.86318822,14.38743999,0.2267433600000004,-1.6118940399999993,2024-09-21,0.2267433600000004
631,10.16837721,10.25129418,11.95917661,14.48840167,-0.0829169700000012,-1.790799400000001,2024-09-22,-0.0829169700000012
632,10.12922394,10.16837721,11.6136404,14.65165077,-0.03915326999999991,-1.4844164600000003,2024-09-23,-0.03915326999999991
633,10.03817646,10.12922394,10.92231613,14.51457225,-0.09104747999999852,-0.8841396699999997,2024-09-24,-0.09104747999999852
634,9.946258256,10.03817646,10.69381706,14.92224878,-0.09191820400000061,-0.7475588040000005,2024-09-25,-0.09191820400000061
635,9.819163247,9.946258256,9.796640702,14.19465212,-0.1270950089999996,0.02252254500000106,2024-09-26,-0.1270950089999996
636,10.96613807,9.819163247,10.02455082,14.1137927,1.146974822999999,0.9415872499999995,2024-09-27,1.146974822999999
637,10.27845019,10.96613807,10.25129418,13.64436482,-0.6876878800000004,0.027156009999998787,2024-09-28,-0.6876878800000004
638,10.87216455,10.27845019,10.16837721,14.57006597,0.5937143600000017,0.7037873400000016,2024-09-29,0.5937143600000017
639,10.58298221,10.87216455,10.12922394,13.70952729,-0.28918234,0.4537582700000016,2024-09-30,-0.28918234
640,10.5051701,10.58298221,10.03817646,14.0105535,-0.07781210999999999,0.4669936400000001,2024-10-01,-0.07781210999999999
641,10.58489695,10.5051701,9.946258256,14.42484355,0.07972684999999835,0.6386386939999991,2024-10-02,0.07972684999999835
642,10.31046583,10.58489695,9.819163247,13.71071969,-0.27443111999999914,0.4913025829999995,2024-10-03,-0.27443111999999914
643,10.18655992,10.31046583,10.96613807,13.30590294,-0.12390590999999951,-0.779578149999999,2024-10-04,-0.12390590999999951
644,10.63566981,10.18655992,10.27845019,13.70184262,0.449109889999999,0.3572196200000004,2024-10-05,0.449109889999999
645,10.58623485,10.63566981,10.87216455,13.4939323,-0.04943495999999925,-0.2859297000000005,2024-10-06,-0.04943495999999925
646,10.49470146,10.58623485,10.58298221,13.60321536,-0.09153339000000038,-0.08828075000000091,2024-10-07,-0.09153339000000038
647,10.53012782,10.49470146,10.5051701,12.709116,0.035426360000000656,0.02495771999999974,2024-10-08,0.035426360000000656
648,11.6697284,10.53012782,10.58489695,12.56578173,1.1396005799999998,1.0848314500000011,2024-10-09,1.1396005799999998
649,10.93910566,11.6697284,10.31046583,12.29204511,-0.7306227400000012,0.6286398299999991,2024-10-10,-0.7306227400000012
650,11.25043349,10.93910566,10.18655992,12.49372294,0.3113278300000015,1.0638735700000002,2024-10-11,0.3113278300000015
651,11.10082439,11.25043349,10.63566981,12.22476014,-0.14960910000000105,0.4651545800000001,2024-10-12,-0.14960910000000105
652,11.56193798,11.10082439,10.58623485,12.37883736,0.4611135900000001,0.9757031299999994,2024-10-13,0.4611135900000001
653,12.00135944,11.56193798,10.49470146,11.86318822,0.43942146000000015,1.50665798,2024-10-14,0.43942146000000015
654,11.9636437,12.00135944,10.53012782,11.95917661,-0.03771573999999944,1.4335158799999999,2024-10-15,-0.03771573999999944
655,12.67651716,11.9636437,11.6697284,11.6136404,0.7128734599999991,1.0067887599999992,2024-10-16,0.7128734599999991
656,12.59589118,12.67651716,10.93910566,10.92231613,-0.08062597999999888,1.6567855200000015,2024-10-17,-0.08062597999999888
657,13.50372538,12.59589118,11.25043349,10.69381706,0.9078341999999999,2.25329189,2024-10-18,0.9078341999999999
658,12.52480966,13.50372538,11.10082439,9.796640702,-0.9789157199999998,1.423985270000001,2024-10-19,-0.9789157199999998
659,13.58617103,12.52480966,11.56193798,10.02455082,1.0613613699999984,2.0242330499999994,2024-10-20,1.0613613699999984
660,13.65152094,13.58617103,12.00135944,10.25129418,0.06534991000000012,1.6501614999999994,2024-10-21,0.06534991000000012
661,13.50747349,13.65152094,11.9636437,10.16837721,-0.14404744999999863,1.5438297900000002,2024-10-22,-0.14404744999999863
662,13.6003226,13.50747349,12.67651716,10.12922394,0.09284910999999951,0.9238054400000006,2024-10-23,0.09284910999999951
663,12.91172575,13.6003226,12.59589118,10.03817646,-0.6885968499999997,0.3158345699999998,2024-10-24,-0.6885968499999997
664,13.12942153,12.91172575,13.50372538,9.946258256,0.21769577999999967,-0.37430385000000044,2024-10-25,0.21769577999999967
665,12.88747154,13.12942153,12.52480966,9.819163247,-0.24194999000000017,0.3626618799999992,2024-10-26,-0.24194999000000017
666,12.57004373,12.88747154,13.58617103,10.96613807,-0.31742780999999987,-1.016127299999999,2024-10-27,-0.31742780999999987
667,12.38921609,12.57004373,13.65152094,10.27845019,-0.1808276400000004,-1.2623048499999996,2024-10-28,-0.1808276400000004
668,12.52303613,12.38921609,13.50747349,10.87216455,0.1338200399999998,-0.9844373600000011,2024-10-29,0.1338200399999998
669,12.78698765,12.52303613,13.6003226,10.58298221,0.2639515200000009,-0.8133349499999998,2024-10-30,0.2639515200000009
670,12.90053284,12.78698765,12.91172575,10.5051701,0.11354518999999996,-0.011192910000000111,2024-10-31,0.11354518999999996
671,13.72420584,12.90053284,13.12942153,10.58489695,0.8236729999999994,0.5947843099999996,2024-11-01,0.8236729999999994
672,13.53927692,13.72420584,12.88747154,10.31046583,-0.18492891999999905,0.6518053800000008,2024-11-02,-0.18492891999999905
673,12.96144201,13.53927692,12.57004373,10.18655992,-0.57783491,0.39139828000000065,2024-11-03,-0.57783491
674,12.60190222,12.96144201,12.38921609,10.63566981,-0.35953979000000125,0.2126861299999998,2024-11-04,-0.35953979000000125
675,13.19403382,12.60190222,12.52303613,10.58623485,0.5921316000000001,0.6709976900000001,2024-11-05,0.5921316000000001
676,13.02494603,13.19403382,12.78698765,10.49470146,-0.16908778999999896,0.23795838000000025,2024-11-06,-0.16908778999999896
677,11.95978435,13.02494603,12.90053284,10.53012782,-1.065161680000001,-0.9407484900000007,2024-11-07,-1.065161680000001
678,13.04856333,11.95978435,13.72420584,11.6697284,1.0887789800000007,-0.6756425099999994,2024-11-08,1.0887789800000007
679,12.09273847,13.04856333,13.53927692,10.93910566,-0.9558248599999999,-1.4465384500000003,2024-11-09,-0.9558248599999999
680,12.74880565,12.09273847,12.96144201,11.25043349,0.6560671799999991,-0.2126363600000012,2024-11-10,0.6560671799999991
681,12.15194817,12.74880565,12.60190222,11.10082439,-0.5968574799999988,-0.4499540499999988,2024-11-11,-0.5968574799999988
682,13.68801758,12.15194817,13.19403382,11.56193798,1.5360694099999996,0.49398376000000077,2024-11-12,1.5360694099999996
683,12.68174728,13.68801758,13.02494603,12.00135944,-1.0062703000000006,-0.3431987500000009,2024-11-13,-1.0062703000000006
684,13.25007071,12.68174728,11.95978435,11.9636437,0.5683234299999995,1.2902863599999996,2024-11-14,0.5683234299999995
685,12.52233421,13.25007071,13.04856333,12.67651716,-0.7277364999999989,-0.52622912,2024-11-15,-0.7277364999999989
686,12.87797176,12.52233421,12.09273847,12.59589118,0.3556375499999991,0.785233289999999,2024-11-16,0.3556375499999991
687,12.74760906,12.87797176,12.74880565,13.50372538,-0.13036269999999917,-0.0011965899999992757,2024-11-17,-0.13036269999999917
688,13.95946905,12.74760906,12.15194817,12.52480966,1.2118599899999989,1.8075208799999984,2024-11-18,1.2118599899999989
689,12.95734948,13.95946905,13.68801758,13.58617103,-1.0021195699999996,-0.7306681000000008,2024-11-19,-1.0021195699999996
690,14.3575701,12.95734948,12.68174728,13.65152094,1.4002206200000007,1.6758228200000005,2024-11-20,1.4002206200000007
691,14.31367533,14.3575701,13.25007071,13.50747349,-0.04389476999999964,1.0636046200000013,2024-11-21,-0.04389476999999964
692,14.4417502,14.31367533,12.52233421,13.6003226,0.12807486999999895,1.9194159899999992,2024-11-22,0.12807486999999895
693,14.89664447,14.4417502,12.87797176,12.91172575,0.4548942700000005,2.0186727100000006,2024-11-23,0.4548942700000005
694,15.49596954,14.89664447,12.74760906,13.12942153,0.5993250700000008,2.7483604800000005,2024-11-24,0.5993250700000008
695,15.12120536,15.49596954,13.95946905,12.88747154,-0.37476418000000145,1.1617363100000002,2024-11-25,-0.37476418000000145
696,15.81472479,15.12120536,12.95734948,12.57004373,0.6935194300000003,2.85737531,2024-11-26,0.6935194300000003
697,14.95180243,15.81472479,14.3575701,12.38921609,-0.8629223599999989,0.5942323300000005,2024-11-27,-0.8629223599999989
698,15.69224206,14.95180243,14.31367533,12.52303613,0.7404396299999991,1.3785667299999993,2024-11-28,0.7404396299999991
699,15.32256273,15.69224206,14.4417502,12.78698765,-0.3696793300000003,0.88081253,2024-11-29,-0.3696793300000003
700,15.48148898,15.32256273,14.89664447,12.90053284,0.15892625000000038,0.5848445099999999,2024-11-30,0.15892625000000038
701,15.0779299,15.48148898,15.49596954,13.72420584,-0.40355907999999907,-0.41803963999999993,2024-12-01,-0.40355907999999907
702,15.26982882,15.0779299,15.12120536,13.53927692,0.19189891999999986,0.14862346000000137,2024-12-02,0.19189891999999986
703,15.56393486,15.26982882,15.81472479,12.96144201,0.29410603999999907,-0.2507899299999998,2024-12-03,0.29410603999999907
704,15.70968355,15.56393486,14.95180243,12.60190222,0.14574868999999957,0.7578811199999986,2024-12-04,0.14574868999999957
705,16.27057613,15.70968355,15.69224206,13.19403382,0.5608925799999991,0.5783340699999986,2024-12-05,0.5608925799999991
706,15.86464801,16.27057613,15.32256273,13.02494603,-0.40592811999999867,0.5420852800000002,2024-12-06,-0.40592811999999867
707,16.79198088,15.86464801,15.48148898,11.95978435,0.9273328700000008,1.3104919000000006,2024-12-07,0.9273328700000008
708,16.44669768,16.79198088,15.0779299,13.04856333,-0.3452832000000008,1.3687677799999989,2024-12-08,-0.3452832000000008
709,15.57683314,16.44669768,15.26982882,12.09273847,-0.86986454,0.307004319999999,2024-12-09,-0.86986454
710,16.51737488,15.57683314,15.56393486,12.74880565,0.9405417399999987,0.9534400199999986,2024-12-10,0.9405417399999987
711,16.79290034,16.51737488,15.70968355,12.15194817,0.2755254600000008,1.0832167899999998,2024-12-11,0.2755254600000008
712,16.69296483,16.79290034,16.27057613,13.68801758,-0.09993550999999812,0.4223887000000026,2024-12-12,-0.09993550999999812
713,17.15234138,16.69296483,15.86464801,12.68174728,0.4593765499999982,1.2876933699999995,2024-12-13,0.4593765499999982
714,17.90318899,17.15234138,16.79198088,13.25007071,0.750847610000001,1.1112081099999997,2024-12-14,0.750847610000001
715,17.47106673,17.90318899,16.44669768,12.52233421,-0.43212225999999987,1.0243690500000007,2024-12-15,-0.43212225999999987
716,17.14585013,17.47106673,15.57683314,12.87797176,-0.32521660000000097,1.5690169899999997,2024-12-16,-0.32521660000000097
717,17.94883403,17.14585013,16.51737488,12.74760906,0.802983900000001,1.431459150000002,2024-12-17,0.802983900000001
718,18.15476909,17.94883403,16.79290034,13.95946905,0.20593505999999806,1.3618687499999993,2024-12-18,0.20593505999999806
719,17.76881703,18.15476909,16.69296483,12.95734948,-0.3859520599999975,1.0758522,2024-12-19,-0.3859520599999975
720,17.25084632,17.76881703,17.15234138,14.3575701,-0.5179707100000002,0.09850494000000154,2024-12-20,-0.5179707100000002
721,17.95227784,17.25084632,17.90318899,14.31367533,0.7014315199999999,0.049088850000000406,2024-12-21,0.7014315199999999
722,17.25593422,17.95227784,17.47106673,14.4417502,-0.6963436200000004,-0.2151325100000001,2024-12-22,-0.6963436200000004
723,17.58362651,17.25593422,17.14585013,14.89664447,0.3276922899999981,0.43777637999999897,2024-12-23,0.3276922899999981
724,16.82175807,17.58362651,17.94883403,15.49596954,-0.7618684399999971,-1.127075959999999,2024-12-24,-0.7618684399999971
725,17.45905614,16.82175807,18.15476909,15.12120536,0.6372980699999999,-0.6957129499999972,2024-12-25,0.6372980699999999
726,16.76127825,17.45905614,17.76881703,15.81472479,-0.6977778900000011,-1.0075387800000009,2024-12-26,-0.6977778900000011
727,16.93155866,16.76127825,17.25084632,14.95180243,0.17028041000000016,-0.31928766000000053,2024-12-27,0.17028041000000016
728,17.49066618,16.93155866,17.95227784,15.69224206,0.5591075200000013,-0.4616116599999991,2024-12-28,0.5591075200000013
729,16.80363798,17.49066618,17.25593422,15.32256273,-0.6870282000000003,-0.452296239999999,2024-12-29,-0.6870282000000003
730,16.1948135,16.80363798,17.58362651,15.48148898,-0.6088244800000027,-1.3888130099999998,2024-12-30,-0.6088244800000027
731,16.6207985,16.1948135,16.82175807,15.0779299,0.4259850000000007,-0.20095957000000197,2024-12-31,0.4259850000000007
